2023/4/20,周四,2239,2023044,"02,08,15,22,24,26",16
2023/4/18,周二,2238,2023043,"05,08,12,20,24,28",10
2023/4/16,周日,2237,2023042,"10,17,20,23,27,30",10
2023/4/13,周四,2236,2023041,"01,06,12,13,15,24",6
2023/4/11,周二,2235,2023040,"09,16,17,24,29,31",8
2023/4/9,周日,2234,2023039,"02,03,09,13,19,28",9
2023/4/6,周四,2233,2023038,"02,09,14,17,31,33",8
2023/4/4,周二,2232,2023037,"08,23,25,26,29,31",12
2023/4/2,周日,2231,2023036,"13,14,18,19,24,30",9
2023/3/30,周四,2230,2023035,"01,04,09,10,20,33",6
2023/3/28,周二,2229,2023034,"02,03,09,11,12,17",15
2023/3/26,周日,2228,2023033,"08,09,13,23,24,26",5
2023/3/23,周四,2227,2023032,"06,19,20,26,28,33",1
2023/3/21,周二,2226,2023031,"07,14,27,29,31,33",5
2023/3/19,周日,2225,2023030,"02,03,07,16,30,31",6
2023/3/16,周四,2224,2023029,"03,07,12,24,28,33",8
2023/3/14,周二,2223,2023028,"05,07,10,17,20,22",14
2023/3/12,周日,2222,2023027,"08,10,22,27,32,33",8
2023/3/9,周四,2221,2023026,"01,18,26,30,31,33",3
2023/3/7,周二,2220,2023025,"04,16,20,21,31,32",14
2023/3/5,周日,2219,2023024,"03,06,09,17,27,28",3
2023/3/2,周四,2218,2023023,"05,08,10,15,24,25",9
2023/2/28,周二,2217,2023022,"10,11,18,19,23,31",3
2023/2/26,周日,2216,2023021,"02,05,06,19,21,27",4
2023/2/23,周四,2215,2023020,"01,12,17,18,26,27",5
2023/2/21,周二,2214,2023019,"06,12,26,28,29,32",15
2023/2/19,周日,2213,2023018,"10,12,17,19,25,31",13
2023/2/16,周四,2212,2023017,"05,11,18,20,26,28",12
2023/2/14,周二,2211,2023016,"14,16,19,23,28,30",3
2023/2/12,周日,2210,2023015,"02,03,14,21,29,32",8
2023/2/9,周四,2209,2023014,"06,07,18,23,27,30",5
2023/2/7,周二,2208,2023013,"06,10,14,22,23,33",13
2023/2/5,周日,2207,2023012,"03,04,07,22,26,30",6
2023/2/2,周四,2206,2023011,"06,07,16,17,21,22",4
2023/1/31,周二,2205,2023010,"04,05,13,18,27,29",12
2023/1/29,周日,2204,2023009,"03,04,19,23,30,32",6
2023/1/17,周二,2203,2023008,"05,13,18,20,26,28",6
2023/1/15,周日,2202,2023007,"05,06,09,22,25,31",3
2023/1/12,周四,2201,2023006,"02,10,12,14,24,26",5
2023/1/10,周二,2200,2023005,"02,06,08,13,14,19",16
2023/1/8,周日,2199,2023004,"01,07,15,16,20,25",16
2023/1/5,周四,2198,2023003,"05,08,18,25,30,32",6
2023/1/3,周二,2197,2023002,"02,06,10,16,18,22",13
2023/1/1,周日,2196,2023001,"09,16,18,22,28,32",2
2022/12/29,周四,2195,2022150,"01,07,11,12,22,28",5
2022/12/27,周二,2194,2022149,"02,22,26,29,32,33",14
2022/12/25,周日,2193,2022148,"02,15,16,17,21,31",14
2022/12/22,周四,2192,2022147,"02,03,07,13,20,30",10
2022/12/20,周二,2191,2022146,"06,07,13,18,26,31",6
2022/12/18,周日,2190,2022145,"03,21,25,30,31,33",11
2022/12/15,周四,2189,2022144,"07,20,22,23,31,32",5
2022/12/13,周二,2188,2022143,"07,08,13,29,30,33",3
2022/12/11,周日,2187,2022142,"01,03,13,16,21,27",3
2022/12/8,周四,2186,2022141,"05,12,13,17,20,27",14
2022/12/6,周二,2185,2022140,"08,09,18,19,20,27",15
2022/12/4,周日,2184,2022139,"06,07,09,16,17,19",14
2022/12/1,周四,2183,2022138,"02,14,19,21,25,28",11
2022/11/29,周二,2182,2022137,"08,21,23,27,28,33",1
2022/11/27,周日,2181,2022136,"08,10,14,15,18,22",8
2022/11/24,周四,2180,2022135,"09,11,13,24,28,32",6
2022/11/22,周二,2179,2022134,"01,05,14,17,24,31",14
2022/11/20,周日,2178,2022133,"05,08,16,17,21,25",12
2022/11/17,周四,2177,2022132,"01,03,18,26,32,33",4
2022/11/15,周二,2176,2022131,"03,05,10,13,19,29",6
2022/11/13,周日,2175,2022130,"02,08,15,17,26,28",12
2022/11/10,周四,2174,2022129,"10,12,14,22,24,27",7
2022/11/8,周二,2173,2022128,"03,12,18,24,27,29",1
2022/11/6,周日,2172,2022127,"03,04,09,10,29,33",13
2022/11/3,周四,2171,2022126,"01,13,15,17,26,33",13
2022/11/1,周二,2170,2022125,"02,03,07,12,20,31",16
2022/10/30,周日,2169,2022124,"05,10,13,18,24,26",1
2022/10/27,周四,2168,2022123,"10,13,16,20,21,25",5
2022/10/25,周二,2167,2022122,"06,08,17,19,24,28",5
2022/10/23,周日,2166,2022121,"12,17,22,27,30,31",2
2022/10/20,周四,2165,2022120,"02,15,19,26,27,29",2
2022/10/18,周二,2164,2022119,"02,05,15,18,26,27",4
2022/10/16,周日,2163,2022118,"02,06,07,11,14,33",8
2022/10/13,周四,2162,2022117,"04,13,17,18,28,29",6
2022/10/11,周二,2159,2022116,"01,05,15,19,26,29",13
2022/10/9,周日,2161,2022115,"06,07,18,20,27,29",9
2022/10/6,周四,2160,2022114,"01,05,15,19,26,29",13
2022/9/29,周四,2158,2022113,"13,14,20,24,27,29",2
2022/9/25,周日,2157,2022111,"02,10,11,13,28,31",1
2022/9/22,周四,2156,2022110,"09,13,15,18,20,28",15
2022/9/20,周二,2155,2022109,"04,11,13,19,22,33",11
2022/9/18,周日,2154,2022108,"01,07,13,17,18,31",15
2022/9/15,周四,2153,2022107,"03,09,11,15,19,28",16
2022/9/13,周二,2152,2022106,"17,20,22,23,24,31",1
2022/9/11,周日,2151,2022105,"06,12,13,15,21,23",15
2022/9/8,周四,2150,2022104,"01,08,19,25,26,31",1
2022/9/6,周二,2149,2022103,"06,09,12,14,20,28",10
2022/9/4,周日,2148,2022102,"09,10,12,18,29,32",14
2022/9/1,周四,2147,2022101,"04,16,18,19,27,28",4
2022/8/30,周二,2146,2022100,"02,06,07,15,20,21",15
2022/8/28,周日,2145,2022099,"01,11,23,24,26,32",15
2022/8/25,周四,2144,2022098,"02,03,04,06,21,33",5
2022/8/23,周二,2143,2022097,"04,05,10,13,30,31",14
2022/8/21,周日,2142,2022096,"03,16,17,19,25,33",7
2022/8/18,周四,2141,2022095,"04,13,14,18,20,28",8
2022/8/16,周二,2140,2022094,"06,11,13,16,19,31",2
2022/8/14,周日,2139,2022093,"21,22,24,28,29,32",14
2022/8/11,周四,2138,2022092,"07,10,16,20,21,27",11
2022/8/9,周二,2137,2022091,"08,18,20,22,24,28",10
2022/8/7,周日,2136,2022090,"01,04,25,27,29,30",7
2022/8/4,周四,2135,2022089,"02,07,15,29,31,33",15
2022/8/2,周二,2134,2022088,"03,09,15,17,20,22",6
2022/7/31,周日,2133,2022087,"05,06,09,13,23,25",8
2022/7/28,周四,2132,2022086,"01,04,08,21,23,24",11
2022/7/26,周二,2131,2022085,"07,09,14,31,32,33",13
2022/7/24,周日,2130,2022084,"03,18,23,24,25,32",9
2022/7/21,周四,2129,2022083,"08,12,13,14,19,20",5
2022/7/19,周二,2128,2022082,"04,10,11,23,30,32",14
2022/7/17,周日,2127,2022081,"04,08,11,21,27,30",1
2022/7/14,周四,2126,2022080,"05,12,15,17,18,27",4
2022/7/12,周二,2125,2022079,"01,09,15,17,22,23",16
2022/7/10,周日,2124,2022078,"01,04,05,15,17,31",9
2022/7/7,周四,2123,2022077,"03,17,18,19,20,27",16
2022/7/5,周二,2122,2022076,"08,09,10,13,24,29",2
2022/7/3,周日,2121,2022075,"01,02,04,25,26,30",10
2022/6/30,周四,2120,2022074,"05,07,15,19,29,33",15
2022/6/28,周二,2119,2022073,"06,10,14,15,26,29",12
2022/6/26,周日,2118,2022072,"05,14,15,16,18,32",12
2022/6/23,周四,2117,2022071,"04,07,15,18,29,33",1
2022/6/21,周二,2116,2022070,"04,06,09,27,28,33",2
2022/6/19,周日,2115,2022069,"06,07,13,19,26,29",8
2022/6/16,周四,2114,2022068,"07,12,15,24,26,29",6
2022/6/14,周二,2113,2022067,"01,05,13,21,26,29",15
2022/6/12,周日,2112,2022066,"06,11,14,20,27,30",9
2022/6/9,周四,2111,2022065,"09,14,18,23,28,31",2
2022/6/7,周二,2110,2022064,"04,06,12,13,17,31",16
2022/6/5,周日,2109,2022063,"06,08,09,17,22,31",11
2022/6/2,周四,2108,2022062,"16,18,20,21,23,33",5
2022/5/31,周二,2107,2022061,"01,03,16,18,29,33",6
2022/5/29,周日,2106,2022060,"16,18,19,24,28,32",1
2022/5/26,周四,2105,2022059,"06,09,18,19,29,33",6
2022/5/24,周二,2104,2022058,"06,13,14,23,31,33",1
2022/5/22,周日,2103,2022057,"12,15,20,26,30,33",16
2022/5/19,周四,2102,2022056,"01,06,11,14,17,26",15
2022/5/17,周二,2101,2022055,"02,04,09,26,28,33",3
2022/5/15,周日,2100,2022054,"08,12,21,27,28,33",11
2022/4/28,周四,2099,2022047,"03,07,08,14,27,30",9
2022/4/26,周二,2098,2022046,"02,11,24,25,27,30",14
2022/4/24,周日,2097,2022045,"03,12,17,18,19,28",4
2022/4/21,周四,2096,2022044,"01,07,08,21,23,29",6
2022/4/19,周二,2095,2022043,"02,17,20,23,25,27",8
2022/4/17,周日,2094,2022042,"05,10,11,21,22,30",13
2022/4/14,周四,2093,2022041,"05,07,21,22,24,29",14
2022/4/12,周二,2092,2022040,"03,12,14,16,31,33",12
2022/4/10,周日,2091,2022039,"02,06,07,10,15,20",5
2022/4/7,周四,2090,2022038,"09,12,13,16,24,32",4
2022/4/5,周二,2089,2022037,"01,10,13,20,22,32",14
2022/4/3,周日,2088,2022036,"02,03,14,16,26,31",2
2022/3/31,周四,2087,2022035,"08,12,13,19,23,25",15
2022/3/29,周二,2086,2022034,"14,17,26,31,32,33",10
2022/3/27,周日,2085,2022033,"05,12,19,22,25,26",5
2022/3/24,周四,2084,2022032,"04,10,11,14,23,32",7
2022/3/22,周二,2083,2022031,"01,10,11,22,26,32",7
2022/3/20,周日,2082,2022030,"12,23,24,26,27,30",5
2022/3/17,周四,2081,2022029,"03,08,10,13,26,32",8
2022/3/15,周二,2080,2022028,"05,11,20,22,23,29",9
2022/3/13,周日,2079,2022027,"14,15,18,19,26,32",9
2022/3/10,周四,2078,2022026,"03,04,10,15,22,24",2
2022/3/8,周二,2077,2022025,"06,19,24,25,28,32",4
2022/3/6,周日,2076,2022024,"07,09,10,14,19,24",15
2022/3/3,周四,2075,2022023,"07,12,17,19,24,25",2
2022/3/1,周二,2074,2022022,"01,07,11,15,17,19",6
2022/2/27,周日,2073,2022021,"03,07,22,24,26,31",14
2022/2/24,周四,2072,2022020,"09,11,14,22,30,32",1
2022/2/22,周二,2071,2022019,"05,06,14,20,21,25",8
2022/2/20,周日,2070,2022018,"07,11,16,17,30,32",16
2022/2/17,周四,2069,2022017,"06,09,24,29,30,32",7
2022/2/15,周二,2068,2022016,"05,10,19,20,29,31",14
2022/2/13,周日,2067,2022015,"06,14,16,27,28,31",7
2022/2/10,周四,2066,2022014,"06,07,13,14,15,27",4
2022/2/8,周二,2065,2022013,"02,03,04,07,10,18",15
2022/1/27,周四,2064,2022012,"04,07,08,29,30,31",1
2022/1/25,周二,2063,2022011,"06,15,23,24,25,33",15
2022/1/23,周日,2062,2022010,"12,18,19,20,21,32",15
2022/1/20,周四,2061,2022009,"04,15,17,19,25,28",16
2022/1/18,周二,2060,2022008,"02,03,07,09,20,21",13
2022/1/16,周日,2059,2022007,"01,20,22,23,25,28",16
2022/1/13,周四,2058,2022006,"03,06,09,15,22,31",2
2022/1/11,周二,2057,2022005,"07,10,12,16,19,31",16
2022/1/9,周日,2056,2022004,"05,19,24,28,30,32",14
2022/1/6,周四,2055,2022003,"02,05,16,17,18,30",6
2022/1/4,周二,2054,2022002,"02,12,21,23,25,31",8
2022/1/2,周日,2053,2022001,"06,13,15,17,20,21",3
2021/12/30,周四,2052,2021150,"09,14,20,21,24,26",4
2021/12/28,周二,2051,2021149,"05,10,15,18,19,32",5
2021/12/26,周日,2050,2021148,"10,12,15,17,19,20",8
2021/12/23,周四,2049,2021147,"05,10,11,13,27,28",9
2021/12/21,周二,2048,2021146,"07,09,21,22,26,32",3
2021/12/19,周日,2047,2021145,"04,07,10,14,16,26",9
2021/12/16,周四,2046,2021144,"02,05,13,15,23,26",7
2021/12/14,周二,2045,2021143,"01,09,11,13,20,29",9
2021/12/12,周日,2044,2021142,"04,07,17,19,20,24",16
2021/12/9,周四,2043,2021141,"01,14,19,23,26,30",10
2021/12/7,周二,2042,2021140,"05,10,16,26,27,33",1
2021/12/5,周日,2041,2021139,"12,14,19,23,24,27",1
2021/12/2,周四,2040,2021138,"11,14,15,16,27,32",9
2021/11/30,周二,2039,2021137,"03,07,10,14,21,24",1
2021/11/28,周日,2038,2021136,"02,06,09,15,19,28",16
2021/11/25,周四,2037,2021135,"03,10,17,19,21,31",4
2021/11/23,周二,2036,2021134,"01,02,16,19,25,31",8
2021/11/21,周日,2035,2021133,"01,03,12,19,27,31",10
2021/11/18,周四,2034,2021132,"01,04,06,14,20,28",8
2021/11/16,周二,2033,2021131,"08,11,18,19,20,24",1
2021/11/14,周日,2032,2021130,"08,09,15,24,26,30",6
2021/11/11,周四,2031,2021129,"04,15,21,27,28,29",10
2021/11/9,周二,2030,2021128,"05,17,20,21,23,33",4
2021/11/7,周日,2029,2021127,"07,15,16,20,27,29",7
2021/11/4,周四,2028,2021126,"19,20,23,27,28,31",1
2021/11/2,周二,2027,2021125,"14,19,20,23,24,31",9
2021/10/31,周日,2026,2021124,"01,03,18,22,29,32",2
2021/10/28,周四,2025,2021123,"06,14,15,19,29,31",5
2021/10/26,周二,2024,2021122,"04,05,12,15,18,28",7
2021/10/24,周日,2023,2021121,"04,05,12,16,22,30",15
2021/10/21,周四,2022,2021120,"01,07,08,12,13,18",5
2021/10/19,周二,2021,2021119,"03,09,10,11,28,29",13
2021/10/17,周日,2020,2021118,"02,06,14,18,20,31",13
2021/10/14,周四,2019,2021117,"03,05,17,21,27,33",4
2021/10/12,周二,2018,2021116,"06,14,17,18,31,33",6
2021/10/10,周日,2017,2021115,"02,10,12,15,24,27",8
2021/10/7,周四,2016,2021114,"04,06,08,14,24,27",2
2021/10/5,周二,2015,2021113,"04,07,10,22,27,30",2
2021/9/30,周四,2014,2021112,"05,06,21,25,28,33",7
2021/9/28,周二,2013,2021111,"17,20,22,23,26,28",6
2021/9/26,周日,2012,2021110,"10,13,15,24,31,32",2
2021/9/23,周四,2011,2021109,"02,03,10,17,20,26",16
2021/9/21,周二,2010,2021108,"11,15,18,24,26,32",9
2021/9/19,周日,2009,2021107,"02,03,17,19,25,30",1
2021/9/16,周四,2008,2021106,"01,04,07,14,30,31",3
2021/9/14,周二,2007,2021105,"10,14,15,22,27,32",9
2021/9/12,周日,2006,2021104,"01,07,17,20,22,28",15
2021/9/9,周四,2005,2021103,"10,13,15,25,29,30",15
2021/9/7,周二,2004,2021102,"05,09,15,24,27,30",9
2021/9/5,周日,2003,2021101,"02,04,12,22,29,31",1
2021/9/2,周四,2002,2021100,"07,09,12,13,14,29",16
2021/8/31,周二,2001,2021099,"09,11,17,18,20,27",15
2021/8/29,周日,2000,2021098,"01,10,13,18,26,32",5
2021/8/26,周四,1999,2021097,"03,11,12,13,25,28",12
2021/8/24,周二,1998,2021096,"01,07,11,14,15,26",11
2021/8/22,周日,1997,2021095,"08,12,17,24,27,28",13
2021/8/19,周四,1996,2021094,"09,11,24,25,28,33",15
2021/8/17,周二,1995,2021093,"05,11,15,23,28,33",3
2021/8/15,周日,1994,2021092,"02,07,08,10,12,31",3
2021/8/12,周四,1993,2021091,"04,06,16,24,26,33",16
2021/8/10,周二,1992,2021090,"05,06,12,14,27,28",8
2021/8/8,周日,1991,2021089,"01,02,07,13,23,24",12
2021/8/5,周四,1990,2021088,"04,12,15,16,19,26",6
2021/8/3,周二,1989,2021087,"02,13,16,19,23,24",4
2021/8/1,周日,1988,2021086,"06,08,10,14,28,29",1
2021/7/29,周四,1987,2021085,"05,06,07,11,14,20",2
2021/7/27,周二,1986,2021084,"05,07,09,11,21,28",1
2021/7/25,周日,1985,2021083,"04,09,11,25,28,33",4
2021/7/22,周四,1984,2021082,"03,06,11,13,26,32",5
2021/7/20,周二,1983,2021081,"01,03,05,18,22,23",1
2021/7/18,周日,1982,2021080,"05,08,22,23,24,29",9
2021/7/15,周四,1981,2021079,"01,03,10,24,28,29",13
2021/7/13,周二,1980,2021078,"04,06,15,26,27,31",12
2021/7/11,周日,1979,2021077,"08,15,17,25,27,30",10
2021/7/8,周四,1978,2021076,"03,09,21,23,30,32",6
2021/7/6,周二,1977,2021075,"12,15,16,21,22,29",1
2021/7/4,周日,1976,2021074,"04,05,09,14,25,27",7
2021/7/1,周四,1975,2021073,"01,06,18,22,24,25",8
2021/6/29,周二,1974,2021072,"01,09,15,16,19,21",15
2021/6/27,周日,1973,2021071,"01,07,24,31,32,33",8
2021/6/24,周四,1972,2021070,"01,05,11,15,16,29",15
2021/6/22,周二,1971,2021069,"06,11,18,20,23,26",5
2021/6/20,周日,1970,2021068,"04,14,18,24,31,32",15
2021/6/17,周四,1969,2021067,"01,11,19,23,25,29",9
2021/6/15,周二,1968,2021066,"02,06,19,26,30,33",15
2021/6/13,周日,1967,2021065,"01,04,08,19,29,33",16
2021/6/10,周四,1966,2021064,"04,06,08,15,16,18",16
2021/6/8,周二,1965,2021063,"04,05,06,09,23,24",9
2021/6/6,周日,1964,2021062,"12,13,15,20,22,25",10
2021/6/3,周四,1963,2021061,"04,09,12,18,20,23",1
2021/6/1,周二,1962,2021060,"10,11,17,20,29,30",15
2021/5/30,周日,1961,2021059,"01,09,11,18,32,33",14
2021/5/27,周四,1960,2021058,"09,11,13,18,19,28",14
2021/5/25,周二,1959,2021057,"05,06,09,17,25,33",16
2021/5/23,周日,1958,2021056,"08,21,22,23,29,32",1
2021/5/20,周四,1957,2021055,"03,11,12,16,22,28",10
2021/5/18,周二,1956,2021054,"07,13,21,22,24,31",2
2021/5/16,周日,1955,2021053,"07,10,14,16,24,33",16
2021/5/13,周四,1954,2021052,"03,04,06,19,21,30",14
2021/5/11,周二,1953,2021051,"08,09,10,19,27,29",15
2021/5/9,周日,1952,2021050,"02,09,10,16,25,28",8
2021/5/6,周四,1951,2021049,"04,11,13,22,25,32",1
2021/5/4,周二,1950,2021048,"04,15,17,22,29,32",3
2021/5/2,周日,1949,2021047,"03,07,13,16,24,29",1
2021/4/29,周四,1948,2021046,"05,09,13,21,28,33",6
2021/4/27,周二,1947,2021045,"01,04,14,15,17,32",2
2021/4/25,周日,1946,2021044,"05,07,14,17,26,28",13
2021/4/22,周四,1945,2021043,"02,03,17,18,23,24",1
2021/4/20,周二,1944,2021042,"05,09,10,22,25,27",8
2021/4/18,周日,1943,2021041,"02,09,18,23,26,32",14
2021/4/15,周四,1942,2021040,"02,06,07,24,28,29",16
2021/4/13,周二,1941,2021039,"02,08,21,24,29,31",13
2021/4/11,周日,1940,2021038,"05,07,09,16,18,27",6
2021/4/8,周四,1939,2021037,"13,17,19,24,26,30",12
2021/4/6,周二,1938,2021036,"01,02,06,11,21,26",11
2021/4/4,周日,1937,2021035,"12,14,18,20,26,28",11
2021/4/1,周四,1936,2021034,"04,10,12,18,23,25",1
2021/3/30,周二,1935,2021033,"02,12,13,14,31,33",6
2021/3/28,周日,1934,2021032,"01,05,08,15,16,30",3
2021/3/25,周四,1933,2021031,"06,11,21,25,28,31",7
2021/3/23,周二,1932,2021030,"08,09,13,27,29,31",5
2021/3/21,周日,1931,2021029,"08,10,15,17,22,30",12
2021/3/18,周四,1930,2021028,"11,16,23,26,27,33",5
2021/3/16,周二,1929,2021027,"05,07,09,16,20,26",8
2021/3/14,周日,1928,2021026,"03,05,13,19,20,25",3
2021/3/11,周四,1927,2021025,"06,08,14,17,18,30",11
2021/3/9,周二,1926,2021024,"01,04,06,10,11,18",2
2021/3/7,周日,1925,2021023,"02,21,22,23,27,28",11
2021/3/4,周四,1924,2021022,"10,15,17,25,31,32",6
2021/3/2,周二,1923,2021021,"04,08,17,24,28,33",13
2021/2/28,周日,1922,2021020,"01,03,06,07,09,11",2
2021/2/25,周四,1921,2021019,"12,16,17,24,28,29",8
2021/2/23,周二,1920,2021018,"02,08,14,23,25,32",6
2021/2/21,周日,1919,2021017,"09,15,18,29,32,33",2
2021/2/7,周日,1918,2021016,"03,08,09,13,15,18",10
2021/2/4,周四,1917,2021015,"06,14,16,26,28,29",7
2021/2/2,周二,1916,2021014,"04,15,21,25,29,33",6
2021/1/31,周日,1915,2021013,"06,09,12,16,27,31",6
2021/1/28,周四,1914,2021012,"03,06,14,18,20,26",1
2021/1/26,周二,1913,2021011,"05,10,16,23,27,33",14
2021/1/24,周日,1912,2021010,"01,04,11,19,32,33",5
2021/1/21,周四,1911,2021009,"02,04,07,24,25,32",13
2021/1/19,周二,1910,2021008,"01,05,07,14,18,33",7
2021/1/17,周日,1909,2021007,"02,04,12,21,25,32",16
2021/1/14,周四,1908,2021006,"06,08,22,24,25,26",1
2021/1/12,周二,1907,2021005,"07,09,14,26,30,31",4
2021/1/10,周日,1906,2021004,"02,03,07,08,17,22",15
2021/1/7,周四,1905,2021003,"06,09,16,18,22,29",11
2021/1/5,周二,1904,2021002,"06,10,13,25,26,32",11
2021/1/3,周日,1903,2021001,"02,03,13,18,20,31",11
2020/12/31,周四,1902,2020134,"02,09,10,20,22,26",1
2020/12/29,周二,1901,2020133,"03,19,22,23,27,29",7
2020/12/27,周日,1900,2020132,"01,04,11,12,14,23",4
2020/12/24,周四,1899,2020131,"08,19,22,26,27,30",7
2020/12/22,周二,1898,2020130,"08,09,11,14,17,29",16
2020/12/20,周日,1897,2020129,"01,02,05,15,28,33",4
2020/12/17,周四,1896,2020128,"08,10,15,16,23,26",10
2020/12/15,周二,1895,2020127,"01,04,18,19,26,31",7
2020/12/13,周日,1894,2020126,"03,07,12,14,23,28",11
2020/12/10,周四,1893,2020125,"05,12,16,26,30,31",13
2020/12/8,周二,1892,2020124,"16,18,19,20,29,33",12
2020/12/6,周日,1891,2020123,"01,03,18,19,26,29",3
2020/12/3,周四,1890,2020122,"12,15,17,24,26,31",15
2020/12/1,周二,1889,2020121,"02,04,06,21,25,29",3
2020/11/29,周日,1888,2020120,"01,02,03,04,09,10",12
2020/11/26,周四,1887,2020119,"01,09,22,28,32,33",15
2020/11/24,周二,1886,2020118,"11,13,19,26,30,33",5
2020/11/22,周日,1885,2020117,"07,08,09,10,16,27",7
2020/11/19,周四,1884,2020116,"05,06,14,16,19,27",10
2020/11/17,周二,1883,2020115,"01,04,12,20,25,32",2
2020/11/15,周日,1882,2020114,"01,05,11,24,30,32",3
2020/11/12,周四,1881,2020113,"01,03,07,10,22,32",11
2020/11/10,周二,1880,2020112,"02,09,12,17,28,32",5
2020/11/8,周日,1879,2020111,"06,09,17,22,24,26",16
2020/11/5,周四,1878,2020110,"02,06,09,14,22,25",4
2020/11/3,周二,1877,2020109,"06,13,16,20,23,32",13
2020/11/1,周日,1876,2020108,"10,12,15,17,23,32",5
2020/10/29,周四,1875,2020107,"03,09,11,24,25,28",16
2020/10/27,周二,1874,2020106,"02,04,11,15,18,28",10
2020/10/25,周日,1873,2020105,"06,14,19,20,22,24",1
2020/10/22,周四,1872,2020104,"04,08,10,16,27,29",9
2020/10/20,周二,1871,2020103,"04,09,10,22,28,32",8
2020/10/18,周日,1870,2020102,"09,10,19,25,26,29",8
2020/10/15,周四,1869,2020101,"10,17,24,25,28,30",15
2020/10/13,周二,1868,2020100,"01,07,15,16,20,23",7
2020/10/11,周日,1867,2020099,"05,06,11,12,15,30",12
2020/10/8,周四,1866,2020098,"06,08,11,22,25,33",2
2020/10/6,周二,1865,2020097,"02,08,21,25,26,30",10
2020/9/29,周二,1864,2020096,"01,20,23,26,27,32",15
2020/9/27,周日,1863,2020095,"03,09,16,17,20,26",2
2020/9/24,周四,1862,2020094,"10,15,17,27,29,31",8
2020/9/22,周二,1861,2020093,"04,05,10,13,15,19",15
2020/9/20,周日,1860,2020092,"01,06,12,18,22,24",3
2020/9/17,周四,1859,2020091,"01,09,11,12,16,19",16
2020/9/15,周二,1858,2020090,"02,21,23,26,31,32",6
2020/9/13,周日,1857,2020089,"02,14,16,21,29,30",10
2020/9/10,周四,1856,2020088,"01,06,12,26,29,30",12
2020/9/8,周二,1855,2020087,"11,15,20,23,25,33",10
2020/9/6,周日,1854,2020086,"02,04,06,15,24,27",6
2020/9/3,周四,1853,2020085,"01,02,05,09,19,24",16
2020/9/1,周二,1852,2020084,"03,07,16,17,23,30",7
2020/8/30,周日,1851,2020083,"01,19,25,26,30,31",12
2020/8/27,周四,1850,2020082,"02,08,11,17,21,30",9
2020/8/25,周二,1849,2020081,"01,05,13,14,27,33",15
2020/8/23,周日,1848,2020080,"14,15,18,22,31,33",1
2020/8/20,周四,1847,2020079,"05,12,20,21,22,29",14
2020/8/18,周二,1846,2020078,"03,11,14,16,21,32",4
2020/8/16,周日,1845,2020077,"03,10,16,21,25,27",12
2020/8/13,周四,1844,2020076,"10,15,16,18,20,27",6
2020/8/11,周二,1843,2020075,"03,11,13,20,24,30",16
2020/8/9,周日,1842,2020074,"04,08,09,13,19,33",12
2020/8/6,周四,1841,2020073,"05,07,11,13,27,29",3
2020/8/4,周二,1840,2020072,"06,08,10,15,17,26",4
2020/8/2,周日,1839,2020071,"09,11,12,13,22,23",8
2020/7/30,周四,1838,2020070,"01,02,04,06,19,21",15
2020/7/28,周二,1837,2020069,"03,09,10,13,18,26",4
2020/7/26,周日,1836,2020068,"12,16,21,26,27,32",10
2020/7/23,周四,1835,2020067,"04,07,09,23,27,30",8
2020/7/21,周二,1834,2020066,"02,09,13,17,26,28",7
2020/7/19,周日,1833,2020065,"09,15,18,21,23,26",8
2020/7/16,周四,1832,2020064,"01,03,07,21,27,32",1
2020/7/14,周二,1831,2020063,"12,15,16,22,29,32",14
2020/7/12,周日,1830,2020062,"10,14,17,22,26,27",5
2020/7/9,周四,1829,2020061,"08,17,24,26,27,31",4
2020/7/7,周二,1828,2020060,"05,09,14,20,24,30",8
2020/7/5,周日,1827,2020059,"02,04,10,17,22,25",14
2020/7/2,周四,1826,2020058,"01,03,11,12,19,26",7
2020/6/30,周二,1825,2020057,"09,14,21,23,26,32",3
2020/6/28,周日,1824,2020056,"02,05,08,12,26,31",14
2020/6/25,周四,1823,2020055,"01,05,07,23,28,30",12
2020/6/23,周二,1822,2020054,"03,10,19,25,26,31",2
2020/6/21,周日,1821,2020053,"02,14,15,16,32,33",1
2020/6/18,周四,1820,2020052,"02,08,13,29,32,33",15
2020/6/16,周二,1819,2020051,"03,06,08,11,19,28",8
2020/6/14,周日,1818,2020050,"04,09,17,20,32,33",15
2020/6/11,周四,1817,2020049,"01,07,09,12,18,22",4
2020/6/9,周二,1816,2020048,"12,14,18,23,30,32",2
2020/6/7,周日,1815,2020047,"04,10,17,19,28,32",1
2020/6/4,周四,1814,2020046,"13,19,25,26,27,32",8
2020/6/2,周二,1813,2020045,"02,03,15,21,22,33",16
2020/5/31,周日,1812,2020044,"07,08,16,17,19,24",7
2020/5/28,周四,1811,2020043,"01,11,24,25,27,30",7
2020/5/26,周二,1810,2020042,"02,06,07,11,14,31",3
2020/5/24,周日,1809,2020041,"06,07,16,22,24,25",13
2020/5/21,周四,1808,2020040,"01,06,12,16,19,21",4
2020/5/19,周二,1807,2020039,"02,09,10,11,16,29",2
2020/5/17,周日,1806,2020038,"01,06,07,18,23,24",15
2020/5/14,周四,1805,2020037,"01,04,11,13,17,24",15
2020/5/12,周二,1804,2020036,"07,09,16,22,24,32",6
2020/5/10,周日,1803,2020035,"10,14,24,25,28,33",11
2020/5/7,周四,1802,2020034,"02,08,15,16,26,32",3
2020/5/5,周二,1801,2020033,"07,10,12,21,31,32",1
2020/5/3,周日,1800,2020032,"03,11,13,14,15,26",13
2020/4/30,周四,1799,2020031,"02,05,09,15,16,27",9
2020/4/28,周二,1798,2020030,"17,18,21,29,30,32",3
2020/4/26,周日,1797,2020029,"01,12,18,20,30,32",5
2020/4/23,周四,1796,2020028,"05,06,15,18,26,32",8
2020/4/21,周二,1795,2020027,"12,13,14,24,25,28",6
2020/4/19,周日,1794,2020026,"01,04,09,18,19,31",6
2020/4/16,周四,1793,2020025,"01,09,10,15,20,29",2
2020/4/14,周二,1792,2020024,"10,13,27,28,29,31",8
2020/4/12,周日,1791,2020023,"04,05,20,21,30,33",8
2020/4/9,周四,1790,2020022,"02,10,20,22,25,30",2
2020/4/7,周二,1789,2020021,"02,06,14,16,27,31",7
2020/4/5,周日,1788,2020020,"01,06,09,13,15,22",14
2020/4/2,周四,1787,2020019,"15,19,27,28,30,33",3
2020/3/31,周二,1786,2020018,"05,07,08,11,17,22",13
2020/3/29,周日,1785,2020017,"02,04,07,15,20,27",4
2020/3/26,周四,1784,2020016,"05,06,08,17,24,27",7
2020/3/24,周二,1783,2020015,"08,09,22,24,30,33",1
2020/3/22,周日,1782,2020014,"02,07,08,10,12,16",7
2020/3/19,周四,1781,2020013,"02,08,10,20,21,30",14
2020/3/17,周二,1780,2020012,"04,13,14,23,26,31",9
2020/3/12,周四,1779,2020010,"11,14,22,27,31,32",9
2020/3/8,周日,1778,2020011,"04,05,07,17,18,29",1
2020/1/21,周二,1777,2020009,"03,06,08,14,19,26",12
2020/1/19,周日,1776,2020008,"01,04,06,10,11,28",16
2020/1/16,周四,1775,2020007,"05,12,17,20,25,31",10
2020/1/14,周二,1774,2020006,"03,04,05,10,16,32",9
2020/1/12,周日,1773,2020005,"11,16,17,22,26,32",4
2020/1/9,周四,1772,2020004,"02,15,17,27,32,33",3
2020/1/7,周二,1771,2020003,"09,17,26,29,30,32",3
2020/1/5,周日,1770,2020002,"04,09,14,15,16,29",11
2020/1/2,周四,1769,2020001,"02,15,23,26,29,30",2
2019/12/31,周二,1768,2019151,"02,06,09,18,24,26",14
2019/12/29,周日,1767,2019150,"02,09,14,22,27,29",2
2019/12/26,周四,1766,2019149,"01,06,27,28,31,33",7
2019/12/24,周二,1765,2019148,"09,10,13,20,26,27",8
2019/12/22,周日,1764,2019147,"01,09,12,14,23,27",12
2019/12/19,周四,1763,2019146,"01,04,10,12,30,32",14
2019/12/17,周二,1762,2019145,"01,08,13,17,18,19",16
2019/12/15,周日,1761,2019144,"02,12,15,19,27,30",3
2019/12/12,周四,1760,2019143,"05,13,15,16,26,33",9
2019/12/10,周二,1759,2019142,"08,14,24,27,29,33",9
2019/12/8,周日,1758,2019141,"10,13,14,15,17,33",14
2019/12/5,周四,1757,2019140,"02,04,09,11,14,22",5
2019/12/3,周二,1756,2019139,"08,14,20,23,30,33",11
2019/12/1,周日,1755,2019138,"02,06,12,30,31,32",11
2019/11/28,周四,1754,2019137,"07,10,13,19,21,23",6
2019/11/26,周二,1753,2019136,"12,14,15,17,29,33",12
2019/11/24,周日,1752,2019135,"03,06,10,11,27,33",3
2019/11/21,周四,1751,2019134,"01,04,06,22,29,30",3
2019/11/19,周二,1750,2019133,"03,07,16,21,24,31",7
2019/11/17,周日,1749,2019132,"04,06,11,14,19,33",7
2019/11/14,周四,1748,2019131,"09,17,19,20,24,31",4
2019/11/12,周二,1747,2019130,"01,07,09,11,24,32",16
2019/11/10,周日,1746,2019129,"03,04,07,09,15,26",7
2019/11/7,周四,1745,2019128,"03,08,12,16,17,19",8
2019/11/5,周二,1744,2019127,"02,06,07,12,17,24",10
2019/11/3,周日,1743,2019126,"02,14,17,29,32,33",16
2019/10/31,周四,1742,2019125,"02,11,12,26,27,29",3
2019/10/29,周二,1741,2019124,"04,09,30,31,32,33",1
2019/10/27,周日,1740,2019123,"02,06,08,17,28,30",6
2019/10/24,周四,1739,2019122,"04,10,15,19,21,23",2
2019/10/22,周二,1738,2019121,"02,06,15,21,30,31",2
2019/10/20,周日,1737,2019120,"10,12,27,31,32,33",3
2019/10/17,周四,1736,2019119,"04,20,22,24,26,33",7
2019/10/15,周二,1735,2019118,"12,14,15,25,28,31",4
2019/10/13,周日,1734,2019117,"03,05,11,28,32,33",1
2019/10/10,周四,1733,2019116,"01,08,09,13,16,33",1
2019/10/8,周二,1732,2019115,"04,10,11,14,15,29",5
2019/9/29,周日,1731,2019114,"02,04,09,11,12,30",1
2019/9/26,周四,1730,2019113,"01,05,19,21,25,33",15
2019/9/24,周二,1729,2019112,"03,12,14,17,23,27",1
2019/9/22,周日,1728,2019111,"07,18,20,22,24,33",1
2019/9/19,周四,1727,2019110,"01,18,22,26,27,28",8
2019/9/17,周二,1726,2019109,"03,06,07,17,28,31",10
2019/9/15,周日,1725,2019108,"07,13,19,22,25,32",13
2019/9/12,周四,1724,2019107,"02,06,08,23,27,32",2
2019/9/10,周二,1723,2019106,"02,14,22,27,30,33",14
2019/9/8,周日,1722,2019105,"02,13,15,17,26,33",1
2019/9/5,周四,1721,2019104,"01,05,16,17,18,24",10
2019/9/3,周二,1720,2019103,"04,12,14,21,27,29",12
2019/9/1,周日,1719,2019102,"03,08,12,16,20,32",12
2019/8/29,周四,1718,2019101,"01,04,09,21,31,33",5
2019/8/27,周二,1717,2019100,"01,04,12,13,30,32",8
2019/8/25,周日,1716,2019099,"07,14,22,23,27,30",8
2019/8/22,周四,1715,2019098,"03,11,12,14,17,26",9
2019/8/20,周二,1714,2019097,"03,05,18,24,25,31",9
2019/8/18,周日,1713,2019096,"05,07,12,18,27,32",11
2019/8/15,周四,1712,2019095,"02,05,14,19,21,28",1
2019/8/13,周二,1711,2019094,"05,10,12,18,19,27",6
2019/8/11,周日,1710,2019093,"05,07,08,09,20,22",2
2019/8/8,周四,1709,2019092,"09,17,27,28,32,33",8
2019/8/6,周二,1708,2019091,"07,10,21,24,29,32",11
2019/8/4,周日,1707,2019090,"02,03,06,08,14,22",4
2019/8/1,周四,1706,2019089,"02,04,14,16,20,22",11
2019/7/30,周二,1705,2019088,"13,14,15,21,23,29",13
2019/7/28,周日,1704,2019087,"04,05,07,09,21,30",4
2019/7/25,周四,1703,2019086,"16,22,24,26,28,31",6
2019/7/23,周二,1702,2019085,"01,04,14,18,24,29",4
2019/7/21,周日,1701,2019084,"04,08,14,18,20,27",3
2019/7/18,周四,1700,2019083,"06,15,17,26,28,31",3
2019/7/16,周二,1699,2019082,"07,16,19,22,24,28",2
2019/7/14,周日,1698,2019081,"05,24,27,29,31,32",10
2019/7/11,周四,1697,2019080,"03,06,08,20,24,32",7
2019/7/9,周二,1696,2019079,"01,03,06,09,19,31",16
2019/7/7,周日,1695,2019078,"01,17,27,29,31,33",12
2019/7/4,周四,1694,2019077,"09,11,13,18,21,22",15
2019/7/2,周二,1693,2019076,"12,15,19,20,29,32",14
2019/6/30,周日,1692,2019075,"05,08,20,22,31,33",3
2019/6/27,周四,1691,2019074,"12,21,27,29,31,33",4
2019/6/25,周二,1690,2019073,"01,02,06,12,16,18",8
2019/6/23,周日,1689,2019072,"02,09,13,15,22,30",15
2019/6/20,周四,1688,2019071,"01,08,19,24,29,30",4
2019/6/18,周二,1687,2019070,"06,15,18,19,24,32",9
2019/6/16,周日,1686,2019069,"06,11,16,19,21,25",1
2019/6/13,周四,1685,2019068,"03,14,20,24,26,33",10
2019/6/11,周二,1684,2019067,"04,06,08,11,30,33",11
2019/6/9,周日,1683,2019066,"01,14,17,20,22,32",4
2019/6/6,周四,1682,2019065,"06,09,11,15,20,26",10
2019/6/4,周二,1681,2019064,"12,20,24,25,30,33",12
2019/6/2,周日,1680,2019063,"01,14,19,22,29,31",16
2019/5/30,周四,1679,2019062,"07,13,16,23,26,30",1
2019/5/28,周二,1678,2019061,"03,17,19,24,27,31",12
2019/5/26,周日,1677,2019060,"03,04,14,20,23,27",1
2019/5/23,周四,1676,2019059,"04,05,07,09,16,18",6
2019/5/21,周二,1675,2019058,"07,08,12,21,23,27",12
2019/5/19,周日,1674,2019057,"04,05,06,08,13,18",16
2019/5/16,周四,1673,2019056,"13,14,17,19,21,29",1
2019/5/14,周二,1672,2019055,"01,06,11,15,19,31",10
2019/5/12,周日,1671,2019054,"07,10,11,15,24,26",11
2019/5/9,周四,1670,2019053,"04,16,22,25,29,31",8
2019/5/7,周二,1669,2019052,"03,06,09,13,16,19",16
2019/5/5,周日,1668,2019051,"08,09,10,13,15,28",9
2019/5/2,周四,1667,2019050,"04,06,10,11,21,23",2
2019/4/30,周二,1666,2019049,"03,10,13,22,23,28",15
2019/4/28,周日,1665,2019048,"03,07,10,12,18,29",10
2019/4/25,周四,1664,2019047,"03,11,18,25,30,33",14
2019/4/23,周二,1663,2019046,"02,12,16,22,25,32",6
2019/4/21,周日,1662,2019045,"01,06,17,19,27,31",14
2019/4/18,周四,1661,2019044,"06,14,16,17,23,29",7
2019/4/16,周二,1660,2019043,"01,06,12,13,24,32",13
2019/4/14,周日,1659,2019042,"15,17,19,22,25,26",4
2019/4/11,周四,1658,2019041,"02,09,13,23,24,26",16
2019/4/9,周二,1657,2019040,"05,06,09,18,23,31",11
2019/4/7,周日,1656,2019039,"06,07,11,14,27,32",8
2019/4/4,周四,1655,2019038,"09,12,21,27,29,30",5
2019/4/2,周二,1654,2019037,"01,07,12,14,18,25",10
2019/3/31,周日,1653,2019036,"02,10,13,16,23,32",8
2019/3/28,周四,1652,2019035,"01,05,07,09,10,20",16
2019/3/26,周二,1651,2019034,"09,11,15,22,24,26",3
2019/3/24,周日,1650,2019033,"09,15,19,21,23,29",15
2019/3/21,周四,1649,2019032,"04,08,09,13,28,33",4
2019/3/19,周二,1648,2019031,"03,13,15,18,21,33",16
2019/3/17,周日,1647,2019030,"04,05,07,10,12,22",16
2019/3/14,周四,1646,2019029,"08,11,17,23,32,33",10
2019/3/12,周二,1645,2019028,"04,19,22,26,29,30",11
2019/3/10,周日,1644,2019027,"02,06,08,10,11,17",13
2019/3/7,周四,1643,2019026,"03,13,15,19,20,27",14
2019/3/5,周二,1642,2019025,"15,16,21,27,30,33",4
2019/3/3,周日,1641,2019024,"01,08,23,25,28,29",10
2019/2/28,周四,1640,2019023,"01,10,14,15,18,31",13
2019/2/26,周二,1639,2019022,"03,07,11,21,30,33",7
2019/2/24,周日,1638,2019021,"02,05,07,08,20,27",4
2019/2/21,周四,1637,2019020,"02,12,13,23,27,28",12
2019/2/19,周二,1636,2019019,"03,11,17,18,23,24",6
2019/2/17,周日,1635,2019018,"04,11,18,19,26,32",4
2019/2/14,周四,1634,2019017,"04,05,24,28,30,33",9
2019/2/12,周二,1633,2019016,"05,07,09,11,19,25",5
2019/2/3,周日,1632,2019015,"11,15,16,20,24,31",4
2019/1/31,周四,1631,2019014,"01,02,03,14,19,33",3
2019/1/29,周二,1630,2019013,"05,07,14,16,18,21",1
2019/1/27,周日,1629,2019012,"07,10,21,23,31,33",14
2019/1/24,周四,1628,2019011,"10,13,19,21,24,30",7
2019/1/22,周二,1627,2019010,"02,04,05,08,11,30",2
2019/1/20,周日,1626,2019009,"01,07,10,22,31,32",15
2019/1/17,周四,1625,2019008,"02,06,09,13,28,32",12
2019/1/15,周二,1624,2019007,"06,10,14,15,19,23",15
2019/1/13,周日,1623,2019006,"01,05,10,19,26,28",12
2019/1/10,周四,1622,2019005,"21,22,26,28,31,32",7
2019/1/8,周二,1621,2019004,"08,12,16,19,26,32",3
2019/1/6,周日,1620,2019003,"13,17,20,21,22,27",1
2019/1/3,周四,1619,2019002,"04,05,06,08,09,18",11
2019/1/1,周二,1618,2019001,"06,10,13,15,32,33",15
2018/12/30,周日,1617,2018153,"01,07,17,23,25,31",11
2018/12/27,周四,1616,2018152,"04,14,16,23,28,29",3
2018/12/25,周二,1615,2018151,"05,15,19,25,26,29",15
2018/12/23,周日,1614,2018150,"06,08,15,19,20,31",5
2018/12/20,周四,1613,2018149,"01,07,08,10,12,24",1
2018/12/18,周二,1612,2018148,"03,06,18,19,21,31",1
2018/12/16,周日,1611,2018147,"03,15,17,23,27,30",11
2018/12/13,周四,1610,2018146,"02,10,11,17,18,29",16
2018/12/11,周二,1609,2018145,"03,09,13,22,23,25",6
2018/12/9,周日,1608,2018144,"08,13,17,18,20,27",13
2018/12/6,周四,1607,2018143,"04,06,15,28,32,33",14
2018/12/4,周二,1606,2018142,"05,08,10,11,27,28",11
2018/12/2,周日,1605,2018141,"11,14,16,18,24,33",4
2018/11/29,周四,1604,2018140,"01,15,20,22,25,28",14
2018/11/27,周二,1603,2018139,"11,18,20,23,31,32",15
2018/11/25,周日,1602,2018138,"01,10,25,27,30,32",9
2018/11/22,周四,1601,2018137,"03,05,11,15,20,23",9
2018/11/20,周二,1600,2018136,"10,12,15,25,26,27",14
2018/11/18,周日,1599,2018135,"01,03,06,10,11,29",16
2018/11/15,周四,1598,2018134,"03,16,18,31,32,33",12
2018/11/13,周二,1597,2018133,"02,04,11,12,18,32",13
2018/11/11,周日,1596,2018132,"01,02,09,10,15,22",6
2018/11/8,周四,1595,2018131,"21,22,24,31,32,33",1
2018/11/6,周二,1594,2018130,"05,12,17,18,24,28",12
2018/11/4,周日,1593,2018129,"02,04,06,16,18,19",16
2018/11/1,周四,1592,2018128,"06,07,08,19,22,23",2
2018/10/30,周二,1591,2018127,"02,05,06,07,11,15",12
2018/10/28,周日,1590,2018126,"01,06,08,09,14,22",5
2018/10/25,周四,1589,2018125,"03,10,11,14,15,32",2
2018/10/23,周二,1588,2018124,"09,13,14,19,22,25",2
2018/10/21,周日,1587,2018123,"13,21,24,27,31,32",1
2018/10/18,周四,1586,2018122,"05,07,20,22,30,32",10
2018/10/16,周二,1585,2018121,"06,08,14,19,23,25",11
2018/10/14,周日,1584,2018120,"03,04,18,26,27,33",1
2018/10/11,周四,1583,2018119,"03,13,14,16,25,27",12
2018/10/9,周二,1582,2018118,"08,12,21,22,27,31",9
2018/10/7,周日,1581,2018117,"08,11,15,17,23,25",5
2018/10/4,周四,1580,2018116,"05,14,17,22,23,28",15
2018/10/2,周二,1579,2018115,"01,13,19,24,26,29",11
2018/9/30,周日,1578,2018114,"01,07,15,16,20,27",14
2018/9/27,周四,1577,2018113,"01,06,09,16,25,26",9
2018/9/25,周二,1576,2018112,"05,08,18,25,26,31",4
2018/9/23,周日,1575,2018111,"01,07,14,24,25,28",8
2018/9/20,周四,1574,2018110,"11,13,16,21,22,23",2
2018/9/18,周二,1573,2018109,"10,11,18,23,31,33",15
2018/9/16,周日,1572,2018108,"05,13,18,21,26,30",2
2018/9/13,周四,1571,2018107,"01,02,05,12,20,22",1
2018/9/11,周二,1570,2018106,"04,18,19,24,25,26",10
2018/9/9,周日,1569,2018105,"04,05,13,18,19,25",1
2018/9/6,周四,1568,2018104,"02,03,06,19,25,29",1
2018/9/4,周二,1567,2018103,"02,09,15,22,23,24",16
2018/9/2,周日,1566,2018102,"02,06,11,19,21,28",5
2018/8/30,周四,1565,2018101,"01,03,14,26,29,33",9
2018/8/28,周二,1564,2018100,"02,11,14,15,29,33",2
2018/8/26,周日,1563,2018099,"03,07,08,14,25,32",6
2018/8/23,周四,1562,2018098,"06,10,11,20,29,32",13
2018/8/21,周二,1561,2018097,"01,02,17,20,25,28",13
2018/8/19,周日,1560,2018096,"01,05,09,20,28,32",12
2018/8/16,周四,1559,2018095,"10,11,12,21,26,33",9
2018/8/14,周二,1558,2018094,"04,07,16,20,24,30",5
2018/8/12,周日,1557,2018093,"04,18,20,21,29,33",7
2018/8/9,周四,1556,2018092,"06,10,16,19,24,33",16
2018/8/7,周二,1555,2018091,"06,11,13,17,25,32",7
2018/8/5,周日,1554,2018090,"01,02,04,10,14,23",7
2018/8/2,周四,1553,2018089,"06,09,12,14,18,27",14
2018/7/31,周二,1552,2018088,"03,05,12,29,30,32",14
2018/7/29,周日,1551,2018087,"01,05,10,16,18,31",3
2018/7/26,周四,1550,2018086,"02,07,17,21,23,26",16
2018/7/24,周二,1549,2018085,"04,10,25,26,30,33",6
2018/7/22,周日,1548,2018084,"05,06,08,12,22,24",3
2018/7/19,周四,1547,2018083,"04,09,18,21,32,33",3
2018/7/17,周二,1546,2018082,"06,12,14,20,22,24",9
2018/7/15,周日,1545,2018081,"01,02,12,16,20,26",3
2018/7/12,周四,1544,2018080,"04,07,13,20,29,33",3
2018/7/10,周二,1543,2018079,"14,15,17,22,24,29",13
2018/7/8,周日,1542,2018078,"03,10,14,17,18,30",12
2018/7/5,周四,1541,2018077,"02,05,09,15,20,24",10
2018/7/3,周二,1540,2018076,"03,07,08,15,29,30",13
2018/7/1,周日,1539,2018075,"07,09,12,13,22,24",11
2018/6/28,周四,1538,2018074,"09,11,14,20,27,30",9
2018/6/26,周二,1537,2018073,"02,09,14,15,16,23",10
2018/6/24,周日,1536,2018072,"11,16,19,22,25,30",8
2018/6/21,周四,1535,2018071,"02,05,06,13,16,19",3
2018/6/19,周二,1534,2018070,"04,09,15,16,19,27",10
2018/6/17,周日,1533,2018069,"06,13,17,19,23,31",12
2018/6/14,周四,1532,2018068,"08,10,17,20,27,30",1
2018/6/12,周二,1531,2018067,"01,04,09,12,15,18",5
2018/6/10,周日,1530,2018066,"09,16,17,19,22,26",10
2018/6/7,周四,1529,2018065,"01,04,06,14,28,33",1
2018/6/5,周二,1528,2018064,"02,05,10,11,17,21",5
2018/6/3,周日,1527,2018063,"05,06,10,16,20,25",12
2018/5/31,周四,1526,2018062,"02,18,19,24,25,33",11
2018/5/29,周二,1525,2018061,"09,10,11,12,18,23",7
2018/5/27,周日,1524,2018060,"04,08,13,25,30,31",10
2018/5/24,周四,1523,2018059,"04,06,08,13,22,32",11
2018/5/22,周二,1522,2018058,"07,12,13,16,26,31",7
2018/5/20,周日,1521,2018057,"05,15,17,19,20,30",13
2018/5/17,周四,1520,2018056,"01,03,06,20,21,26",1
2018/5/15,周二,1519,2018055,"07,09,10,12,22,26",7
2018/5/13,周日,1518,2018054,"04,06,18,22,25,33",16
2018/5/10,周四,1517,2018053,"01,04,10,11,14,27",6
2018/5/8,周二,1516,2018052,"03,05,06,09,15,32",14
2018/5/6,周日,1515,2018051,"05,07,20,23,27,31",4
2018/5/3,周四,1514,2018050,"01,02,04,10,18,19",7
2018/5/1,周二,1513,2018049,"01,03,04,11,19,23",2
2018/4/29,周日,1512,2018048,"01,12,20,25,30,31",2
2018/4/26,周四,1511,2018047,"06,07,12,16,22,25",7
2018/4/24,周二,1510,2018046,"10,13,14,18,20,31",3
2018/4/22,周日,1509,2018045,"03,04,06,25,26,30",1
2018/4/19,周四,1508,2018044,"05,09,12,17,27,30",6
2018/4/17,周二,1507,2018043,"01,04,06,08,21,24",7
2018/4/15,周日,1506,2018042,"06,10,21,28,29,31",12
2018/4/12,周四,1505,2018041,"07,08,20,23,24,32",13
2018/4/10,周二,1504,2018040,"01,03,08,13,18,23",16
2018/4/8,周日,1503,2018039,"08,12,18,19,23,32",3
2018/4/5,周四,1502,2018038,"15,23,24,25,28,29",9
2018/4/3,周二,1501,2018037,"01,06,07,08,27,30",10
2018/4/1,周日,1500,2018036,"08,17,24,26,28,33",4
2018/3/29,周四,1499,2018035,"07,10,11,17,23,28",15
2018/3/27,周二,1498,2018034,"01,05,11,22,23,26",15
2018/3/25,周日,1497,2018033,"04,19,20,22,28,33",6
2018/3/22,周四,1496,2018032,"21,22,23,24,25,32",6
2018/3/20,周二,1495,2018031,"02,16,18,19,27,30",14
2018/3/18,周日,1494,2018030,"13,14,20,21,25,33",7
2018/3/15,周四,1493,2018029,"01,02,09,14,22,25",5
2018/3/13,周二,1492,2018028,"03,08,11,14,18,23",16
2018/3/11,周日,1491,2018027,"02,07,09,14,18,28",5
2018/3/8,周四,1490,2018026,"04,07,12,14,26,32",4
2018/3/6,周二,1489,2018025,"04,13,16,19,21,25",14
2018/3/4,周日,1488,2018024,"11,19,22,26,31,32",2
2018/3/1,周四,1487,2018023,"12,15,16,21,26,29",16
2018/2/27,周二,1486,2018022,"07,14,19,21,22,23",3
2018/2/25,周日,1485,2018021,"03,04,06,11,23,28",14
2018/2/22,周四,1484,2018020,"06,09,10,14,28,30",5
2018/2/13,周二,1483,2018019,"03,11,12,16,21,23",9
2018/2/11,周日,1482,2018018,"02,12,13,18,25,27",7
2018/2/8,周四,1481,2018017,"03,06,11,26,30,32",12
2018/2/6,周二,1480,2018016,"01,11,12,18,25,27",16
2018/2/4,周日,1479,2018015,"11,15,20,21,26,33",15
2018/2/1,周四,1478,2018014,"09,12,20,24,28,31",7
2018/1/30,周二,1477,2018013,"06,08,13,15,22,33",6
2018/1/28,周日,1476,2018012,"11,12,13,19,26,28",12
2018/1/25,周四,1475,2018011,"03,10,21,23,27,33",11
2018/1/23,周二,1474,2018010,"01,08,17,20,21,22",3
2018/1/21,周日,1473,2018009,"05,10,17,23,26,32",7
2018/1/18,周四,1472,2018008,"05,09,10,12,17,19",13
2018/1/16,周二,1471,2018007,"13,14,20,25,27,31",12
2018/1/14,周日,1470,2018006,"02,07,08,09,17,29",11
2018/1/11,周四,1469,2018005,"02,20,21,28,31,33",6
2018/1/9,周二,1468,2018004,"14,18,19,26,30,31",11
2018/1/7,周日,1467,2018003,"01,14,16,17,20,31",4
2018/1/4,周四,1466,2018002,"07,18,24,29,31,33",16
2018/1/2,周二,1465,2018001,"01,08,11,26,28,31",4
2017/12/31,周日,1464,2017154,"05,09,13,15,18,26",5
2017/12/28,周四,1463,2017153,"07,11,12,13,18,19",16
2017/12/26,周二,1462,2017152,"06,10,23,25,26,29",5
2017/12/24,周日,1461,2017151,"02,05,07,09,11,27",16
2017/12/21,周四,1460,2017150,"06,14,19,20,21,23",8
2017/12/19,周二,1459,2017149,"05,08,15,20,27,30",13
2017/12/17,周日,1458,2017148,"04,07,11,14,29,32",12
2017/12/14,周四,1457,2017147,"03,07,20,21,25,31",14
2017/12/12,周二,1456,2017146,"01,19,25,26,27,33",10
2017/12/10,周日,1455,2017145,"02,06,12,17,25,28",12
2017/12/7,周四,1454,2017144,"03,14,16,20,31,32",9
2017/12/5,周二,1453,2017143,"04,06,09,14,20,29",14
2017/12/3,周日,1452,2017142,"08,13,14,18,23,33",6
2017/11/30,周四,1451,2017141,"01,06,07,11,13,15",5
2017/11/28,周二,1450,2017140,"21,22,25,28,29,30",8
2017/11/26,周日,1449,2017139,"02,14,20,24,28,32",16
2017/11/23,周四,1448,2017138,"01,17,24,28,32,33",2
2017/11/21,周二,1447,2017137,"05,10,20,23,26,31",3
2017/11/19,周日,1446,2017136,"03,07,10,18,21,24",12
2017/11/16,周四,1445,2017135,"01,06,07,14,18,26",16
2017/11/14,周二,1444,2017134,"04,05,11,14,28,32",4
2017/11/12,周日,1443,2017133,"06,15,17,18,23,30",11
2017/11/9,周四,1442,2017132,"02,03,05,09,13,28",11
2017/11/7,周二,1441,2017131,"01,07,10,11,26,27",11
2017/11/5,周日,1440,2017130,"05,13,14,23,25,31",2
2017/11/2,周四,1439,2017129,"05,06,09,14,21,33",2
2017/10/31,周二,1438,2017128,"02,06,13,22,29,31",8
2017/10/29,周日,1437,2017127,"14,15,21,24,27,32",12
2017/10/26,周四,1436,2017126,"01,16,17,21,27,30",16
2017/10/24,周二,1435,2017125,"01,14,23,25,29,30",3
2017/10/22,周日,1434,2017124,"02,06,11,26,28,29",3
2017/10/19,周四,1433,2017123,"04,05,06,11,21,31",10
2017/10/17,周二,1432,2017122,"11,20,21,22,24,27",15
2017/10/15,周日,1431,2017121,"11,18,19,22,24,32",7
2017/10/12,周四,1430,2017120,"08,10,15,19,23,28",16
2017/10/10,周二,1429,2017119,"09,16,21,25,26,31",14
2017/10/8,周日,1428,2017118,"08,09,15,22,30,33",16
2017/10/5,周四,1427,2017117,"01,02,08,11,14,21",9
2017/10/3,周二,1426,2017116,"02,14,20,22,30,32",2
2017/10/1,周日,1425,2017115,"04,10,11,25,30,31",1
2017/9/28,周四,1424,2017114,"06,12,13,15,18,26",13
2017/9/26,周二,1423,2017113,"04,06,16,27,29,33",5
2017/9/24,周日,1422,2017112,"03,10,14,16,22,23",11
2017/9/21,周四,1421,2017111,"05,10,17,19,29,32",12
2017/9/19,周二,1420,2017110,"01,03,12,15,19,23",14
2017/9/17,周日,1419,2017109,"08,14,16,18,21,23",16
2017/9/14,周四,1418,2017108,"07,12,14,15,17,20",1
2017/9/12,周二,1417,2017107,"08,09,15,17,30,32",6
2017/9/10,周日,1416,2017106,"12,15,20,25,27,31",2
2017/9/7,周四,1415,2017105,"03,06,07,12,25,26",7
2017/9/5,周二,1414,2017104,"01,14,15,20,23,30",14
2017/9/3,周日,1413,2017103,"01,21,23,25,31,33",1
2017/8/31,周四,1412,2017102,"04,08,10,14,18,20",11
2017/8/29,周二,1411,2017101,"01,04,11,28,31,32",16
2017/8/27,周日,1410,2017100,"04,07,08,18,23,24",2
2017/8/24,周四,1409,2017099,"02,05,06,16,28,29",4
2017/8/22,周二,1408,2017098,"04,19,22,27,30,33",1
2017/8/20,周日,1407,2017097,"05,10,18,19,30,31",3
2017/8/17,周四,1406,2017096,"02,06,11,12,19,29",6
2017/8/15,周二,1405,2017095,"09,10,12,19,22,29",16
2017/8/13,周日,1404,2017094,"08,11,13,19,28,31",6
2017/8/10,周四,1403,2017093,"07,08,09,15,22,27",12
2017/8/8,周二,1402,2017092,"10,18,19,29,32,33",9
2017/8/6,周日,1401,2017091,"05,07,10,23,28,29",3
2017/8/3,周四,1400,2017090,"01,07,10,16,22,33",9
2017/8/1,周二,1399,2017089,"11,12,13,16,23,25",12
2017/7/30,周日,1398,2017088,"07,09,18,22,23,29",6
2017/7/27,周四,1397,2017087,"03,06,13,14,19,28",6
2017/7/25,周二,1396,2017086,"03,05,06,13,20,22",7
2017/7/23,周日,1395,2017085,"01,05,06,16,25,30",9
2017/7/20,周四,1394,2017084,"01,05,11,20,22,24",2
2017/7/18,周二,1393,2017083,"03,08,14,20,24,26",12
2017/7/16,周日,1392,2017082,"14,18,21,25,28,29",10
2017/7/13,周四,1391,2017081,"03,05,14,25,26,30",5
2017/7/11,周二,1390,2017080,"01,12,16,20,22,24",8
2017/7/9,周日,1389,2017079,"03,07,14,23,25,27",8
2017/7/6,周四,1388,2017078,"05,07,18,19,22,24",16
2017/7/4,周二,1387,2017077,"01,02,04,15,17,22",14
2017/7/2,周日,1386,2017076,"01,04,08,09,14,15",13
2017/6/29,周四,1385,2017075,"01,03,06,19,21,29",7
2017/6/27,周二,1384,2017074,"02,06,16,23,30,31",2
2017/6/25,周日,1383,2017073,"03,06,16,23,26,30",14
2017/6/22,周四,1382,2017072,"06,11,14,23,26,30",2
2017/6/20,周二,1381,2017071,"02,03,06,14,31,32",3
2017/6/18,周日,1380,2017070,"01,06,14,22,25,26",12
2017/6/15,周四,1379,2017069,"02,11,12,23,29,31",5
2017/6/13,周二,1378,2017068,"02,06,10,22,30,31",15
2017/6/11,周日,1377,2017067,"01,03,04,10,18,29",4
2017/6/8,周四,1376,2017066,"01,04,06,17,19,26",3
2017/6/6,周二,1375,2017065,"02,05,08,10,12,21",7
2017/6/4,周日,1374,2017064,"02,10,16,22,24,28",15
2017/6/1,周四,1373,2017063,"12,16,20,22,25,31",4
2017/5/30,周二,1372,2017062,"01,07,22,24,26,31",10
2017/5/28,周日,1371,2017061,"06,07,12,20,26,27",11
2017/5/25,周四,1370,2017060,"05,10,13,24,26,31",4
2017/5/23,周二,1369,2017059,"04,08,09,15,19,25",9
2017/5/21,周日,1368,2017058,"01,09,13,22,28,32",11
2017/5/18,周四,1367,2017057,"18,20,22,23,30,31",16
2017/5/16,周二,1366,2017056,"13,14,18,19,21,28",6
2017/5/14,周日,1365,2017055,"07,12,13,20,24,31",5
2017/5/11,周四,1364,2017054,"02,03,09,23,28,33",8
2017/5/9,周二,1363,2017053,"04,09,11,15,29,31",6
2017/5/7,周日,1362,2017052,"07,08,18,24,29,31",7
2017/5/4,周四,1361,2017051,"02,05,09,15,24,25",11
2017/5/2,周二,1360,2017050,"10,12,20,24,27,29",7
2017/4/30,周日,1359,2017049,"01,08,14,15,20,29",10
2017/4/27,周四,1358,2017048,"05,08,09,14,15,19",7
2017/4/25,周二,1357,2017047,"02,05,08,10,32,33",2
2017/4/23,周日,1356,2017046,"04,13,14,23,26,32",10
2017/4/20,周四,1355,2017045,"05,07,16,20,21,25",5
2017/4/18,周二,1354,2017044,"08,16,19,21,31,32",6
2017/4/16,周日,1353,2017043,"08,13,16,23,27,31",8
2017/4/13,周四,1352,2017042,"01,02,04,07,10,23",4
2017/4/11,周二,1351,2017041,"04,10,13,15,22,27",4
2017/4/9,周日,1350,2017040,"15,19,23,28,29,33",4
2017/4/6,周四,1349,2017039,"02,04,12,14,17,24",15
2017/4/4,周二,1348,2017038,"01,04,08,13,24,27",5
2017/4/2,周日,1347,2017037,"11,15,20,22,25,30",5
2017/3/30,周四,1346,2017036,"01,02,05,10,24,27",15
2017/3/28,周二,1345,2017035,"01,06,14,24,28,32",12
2017/3/26,周日,1344,2017034,"04,07,08,19,32,33",13
2017/3/23,周四,1343,2017033,"05,07,15,20,23,30",15
2017/3/21,周二,1342,2017032,"05,08,15,24,27,31",11
2017/3/19,周日,1341,2017031,"06,10,16,26,27,29",3
2017/3/16,周四,1340,2017030,"01,07,09,20,23,30",2
2017/3/14,周二,1339,2017029,"02,15,21,23,25,30",10
2017/3/12,周日,1338,2017028,"07,08,12,13,22,30",9
2017/3/9,周四,1337,2017027,"02,04,11,14,27,30",5
2017/3/7,周二,1336,2017026,"03,10,12,19,27,30",8
2017/3/5,周日,1335,2017025,"02,15,16,17,22,32",7
2017/3/2,周四,1334,2017024,"09,21,25,26,29,31",13
2017/2/28,周二,1333,2017023,"01,03,04,11,18,22",14
2017/2/26,周日,1332,2017022,"02,06,15,16,18,32",15
2017/2/23,周四,1331,2017021,"02,05,10,22,32,33",9
2017/2/21,周二,1330,2017020,"04,08,10,12,31,33",10
2017/2/19,周日,1329,2017019,"04,06,08,12,23,25",8
2017/2/16,周四,1328,2017018,"01,02,03,17,25,31",9
2017/2/14,周二,1327,2017017,"03,07,08,10,22,23",12
2017/2/12,周日,1326,2017016,"05,08,16,22,27,29",2
2017/2/9,周四,1325,2017015,"01,08,09,14,17,32",1
2017/2/7,周二,1324,2017014,"06,08,18,20,23,31",13
2017/2/5,周日,1323,2017013,"08,11,28,29,31,33",6
2017/1/26,周四,1322,2017012,"10,11,14,15,16,24",7
2017/1/24,周二,1321,2017011,"10,11,12,23,26,29",16
2017/1/22,周日,1320,2017010,"05,08,19,25,28,30",7
2017/1/19,周四,1319,2017009,"02,06,08,09,15,29",14
2017/1/17,周二,1318,2017008,"07,13,15,27,28,29",13
2017/1/15,周日,1317,2017007,"02,04,05,24,26,33",15
2017/1/12,周四,1316,2017006,"02,04,08,26,29,33",8
2017/1/10,周二,1315,2017005,"06,11,12,22,23,30",5
2017/1/8,周日,1314,2017004,"05,13,17,26,27,30",7
2017/1/5,周四,1313,2017003,"01,04,08,15,27,32",16
2017/1/3,周二,1312,2017002,"15,19,23,24,25,32",3
2017/1/1,周日,1311,2017001,"09,11,14,20,25,26",15
2016/12/29,周四,1310,2016153,"07,09,16,24,25,29",6
2016/12/27,周二,1309,2016152,"02,08,09,16,20,22",7
2016/12/25,周日,1308,2016151,"06,11,16,20,22,33",7
2016/12/22,周四,1307,2016150,"02,04,05,09,13,21",5
2016/12/20,周二,1306,2016149,"03,20,23,26,32,33",7
2016/12/18,周日,1305,2016148,"01,02,11,20,26,30",14
2016/12/15,周四,1304,2016147,"04,14,18,28,31,32",12
2016/12/13,周二,1303,2016146,"03,07,15,16,17,23",10
2016/12/11,周日,1302,2016145,"01,03,07,12,19,20",6
2016/12/8,周四,1301,2016144,"04,10,12,27,32,33",5
2016/12/6,周二,1300,2016143,"06,09,23,24,25,33",13
2016/12/4,周日,1299,2016142,"01,10,17,21,23,30",12
2016/12/1,周四,1298,2016141,"04,13,15,17,21,24",15
2016/11/29,周二,1297,2016140,"01,02,05,17,26,32",10
2016/11/27,周日,1296,2016139,"01,06,19,26,28,30",3
2016/11/24,周四,1295,2016138,"07,16,20,24,25,30",7
2016/11/22,周二,1294,2016137,"01,06,09,10,15,32",14
2016/11/20,周日,1293,2016136,"02,07,10,20,27,29",3
2016/11/17,周四,1292,2016135,"02,08,10,18,20,33",12
2016/11/15,周二,1291,2016134,"11,12,13,14,18,33",13
2016/11/13,周日,1290,2016133,"15,16,21,22,27,33",15
2016/11/10,周四,1289,2016132,"05,08,13,19,27,28",7
2016/11/8,周二,1288,2016131,"04,10,18,19,25,27",2
2016/11/6,周日,1287,2016130,"03,17,21,23,27,28",1
2016/11/3,周四,1286,2016129,"05,06,08,21,31,33",14
2016/11/1,周二,1285,2016128,"04,09,11,17,26,27",13
2016/10/30,周日,1284,2016127,"07,12,17,26,29,31",16
2016/10/27,周四,1283,2016126,"02,06,12,17,18,19",10
2016/10/25,周二,1282,2016125,"01,06,08,20,27,30",3
2016/10/23,周日,1281,2016124,"09,15,21,24,27,32",10
2016/10/20,周四,1280,2016123,"07,09,12,14,20,27",16
2016/10/18,周二,1279,2016122,"15,22,23,24,28,29",8
2016/10/16,周日,1278,2016121,"02,03,10,23,25,28",9
2016/10/13,周四,1277,2016120,"02,05,06,21,25,28",9
2016/10/11,周二,1276,2016119,"09,19,21,30,31,32",4
2016/10/9,周日,1275,2016118,"09,14,22,23,31,33",14
2016/10/6,周四,1274,2016117,"03,10,14,17,28,33",2
2016/10/4,周二,1273,2016116,"07,18,20,23,27,31",13
2016/10/2,周日,1272,2016115,"06,08,20,22,26,27",9
2016/9/29,周四,1271,2016114,"05,16,20,22,27,29",9
2016/9/27,周二,1270,2016113,"01,11,16,17,20,26",14
2016/9/25,周日,1269,2016112,"06,12,14,15,18,25",12
2016/9/22,周四,1268,2016111,"02,04,07,14,15,32",4
2016/9/20,周二,1267,2016110,"05,07,28,31,32,33",8
2016/9/18,周日,1266,2016109,"09,11,15,16,27,33",5
2016/9/15,周四,1265,2016108,"02,03,07,08,19,26",16
2016/9/13,周二,1264,2016107,"06,11,18,26,27,32",1
2016/9/11,周日,1263,2016106,"04,05,13,22,25,30",4
2016/9/8,周四,1262,2016105,"08,10,19,27,28,31",16
2016/9/6,周二,1261,2016104,"05,09,11,18,30,31",4
2016/9/4,周日,1260,2016103,"01,05,13,19,24,27",11
2016/9/1,周四,1259,2016102,"05,08,10,14,17,30",13
2016/8/30,周二,1258,2016101,"01,03,19,24,32,33",1
2016/8/28,周日,1257,2016100,"03,10,22,23,27,29",4
2016/8/25,周四,1256,2016099,"01,11,21,23,27,33",6
2016/8/23,周二,1255,2016098,"02,08,25,29,31,32",6
2016/8/21,周日,1254,2016097,"06,13,25,26,28,31",1
2016/8/18,周四,1253,2016096,"06,13,14,21,22,24",16
2016/8/16,周二,1252,2016095,"01,05,09,12,18,32",12
2016/8/14,周日,1251,2016094,"06,07,10,12,18,31",10
2016/8/11,周四,1250,2016093,"06,09,15,17,25,27",9
2016/8/9,周二,1249,2016092,"02,13,15,23,24,29",6
2016/8/7,周日,1248,2016091,"04,08,14,22,23,28",7
2016/8/4,周四,1247,2016090,"02,13,17,20,21,26",7
2016/8/2,周二,1246,2016089,"01,03,14,30,31,32",8
2016/7/31,周日,1245,2016088,"03,14,16,18,25,33",15
2016/7/28,周四,1244,2016087,"02,03,10,11,14,21",12
2016/7/26,周二,1243,2016086,"09,10,11,12,15,32",5
2016/7/24,周日,1242,2016085,"01,12,19,20,21,25",16
2016/7/21,周四,1241,2016084,"02,04,12,18,24,26",5
2016/7/19,周二,1240,2016083,"09,16,17,24,30,31",4
2016/7/17,周日,1239,2016082,"06,12,14,15,17,20",9
2016/7/14,周四,1238,2016081,"02,06,15,25,30,32",7
2016/7/12,周二,1237,2016080,"01,16,17,24,25,32",14
2016/7/10,周日,1236,2016079,"01,03,10,12,24,28",2
2016/7/7,周四,1235,2016078,"02,04,08,23,26,29",2
2016/7/5,周二,1234,2016077,"01,09,17,19,20,29",10
2016/7/3,周日,1233,2016076,"07,08,13,22,30,32",1
2016/6/30,周四,1232,2016075,"01,03,06,16,29,32",7
2016/6/28,周二,1231,2016074,"06,10,11,12,20,25",12
2016/6/26,周日,1230,2016073,"09,11,12,15,16,20",13
2016/6/23,周四,1229,2016072,"05,16,19,22,24,25",2
2016/6/21,周二,1228,2016071,"19,21,26,28,29,32",1
2016/6/19,周日,1227,2016070,"03,06,11,18,23,29",1
2016/6/16,周四,1226,2016069,"08,10,11,20,21,27",11
2016/6/14,周二,1225,2016068,"08,19,23,28,31,32",1
2016/6/12,周日,1224,2016067,"09,13,18,20,27,31",4
2016/6/9,周四,1223,2016066,"03,07,13,18,19,20",5
2016/6/7,周二,1222,2016065,"13,16,22,25,26,27",14
2016/6/5,周日,1221,2016064,"03,12,14,17,19,26",3
2016/6/2,周四,1220,2016063,"16,17,18,23,28,32",7
2016/5/31,周二,1219,2016062,"12,13,15,18,19,21",9
2016/5/29,周日,1218,2016061,"05,06,08,18,20,32",8
2016/5/26,周四,1217,2016060,"04,05,22,26,29,32",8
2016/5/24,周二,1216,2016059,"04,11,12,20,25,28",15
2016/5/22,周日,1215,2016058,"03,05,18,20,24,32",11
2016/5/19,周四,1214,2016057,"07,12,19,22,23,26",11
2016/5/17,周二,1213,2016056,"03,04,08,11,16,18",14
2016/5/15,周日,1212,2016055,"05,06,10,16,22,26",11
2016/5/12,周四,1211,2016054,"06,11,16,19,28,32",4
2016/5/10,周二,1210,2016053,"02,08,10,12,29,31",1
2016/5/8,周日,1209,2016052,"01,06,13,19,24,28",16
2016/5/5,周四,1208,2016051,"01,02,04,09,15,33",12
2016/5/3,周二,1207,2016050,"09,12,24,28,29,30",2
2016/5/1,周日,1206,2016049,"06,08,13,14,22,27",10
2016/4/28,周四,1205,2016048,"03,08,13,14,15,30",4
2016/4/26,周二,1204,2016047,"02,05,08,15,17,22",16
2016/4/24,周日,1203,2016046,"07,20,25,26,27,30",14
2016/4/21,周四,1202,2016045,"04,09,12,17,30,32",3
2016/4/19,周二,1201,2016044,"01,03,10,12,18,30",1
2016/4/17,周日,1200,2016043,"05,14,20,26,30,33",12
2016/4/14,周四,1199,2016042,"07,14,17,23,26,31",9
2016/4/12,周二,1198,2016041,"12,17,18,21,22,24",4
2016/4/10,周日,1197,2016040,"03,13,19,20,23,26",3
2016/4/7,周四,1196,2016039,"01,03,07,18,19,27",16
2016/4/5,周二,1195,2016038,"03,12,13,22,28,29",3
2016/4/3,周日,1194,2016037,"06,15,26,31,32,33",16
2016/3/31,周四,1193,2016036,"03,04,07,09,20,22",3
2016/3/29,周二,1192,2016035,"04,13,19,20,26,29",11
2016/3/27,周日,1191,2016034,"03,15,21,22,23,28",15
2016/3/24,周四,1190,2016033,"06,17,18,20,27,29",15
2016/3/22,周二,1189,2016032,"08,12,14,15,21,27",15
2016/3/20,周日,1188,2016031,"03,08,10,19,26,33",3
2016/3/17,周四,1187,2016030,"10,14,19,22,25,29",12
2016/3/15,周二,1186,2016029,"12,15,18,20,21,27",15
2016/3/13,周日,1185,2016028,"06,08,12,21,25,29",1
2016/3/10,周四,1184,2016027,"11,13,15,17,19,31",5
2016/3/8,周二,1183,2016026,"04,09,12,28,30,33",1
2016/3/6,周日,1182,2016025,"04,11,12,17,24,30",12
2016/3/3,周四,1181,2016024,"02,05,07,14,18,31",13
2016/3/1,周二,1180,2016023,"03,06,10,19,25,29",7
2016/2/28,周日,1179,2016022,"04,09,19,22,23,30",7
2016/2/25,周四,1178,2016021,"09,11,13,22,24,26",5
2016/2/23,周二,1177,2016020,"01,02,10,12,22,24",10
2016/2/21,周日,1176,2016019,"06,13,16,17,23,30",10
2016/2/18,周四,1175,2016018,"12,13,14,17,21,25",4
2016/2/16,周二,1174,2016017,"05,06,08,20,22,30",5
2016/2/14,周日,1173,2016016,"01,20,22,24,25,26",16
2016/2/4,周四,1172,2016015,"01,02,14,22,25,26",7
2016/2/2,周二,1171,2016014,"02,08,10,18,20,27",7
2016/1/31,周日,1170,2016013,"07,12,21,22,26,31",1
2016/1/28,周四,1169,2016012,"07,12,14,16,27,32",15
2016/1/26,周二,1168,2016011,"03,08,10,15,22,29",12
2016/1/24,周日,1167,2016010,"02,04,12,14,19,25",6
2016/1/21,周四,1166,2016009,"10,14,24,25,27,32",4
2016/1/19,周二,1165,2016008,"02,15,24,29,32,33",2
2016/1/17,周日,1164,2016007,"05,12,14,20,27,29",6
2016/1/14,周四,1163,2016006,"13,16,18,20,28,31",12
2016/1/12,周二,1162,2016005,"11,14,18,20,31,33",14
2016/1/10,周日,1161,2016004,"08,10,17,22,25,33",12
2016/1/7,周四,1160,2016003,"01,10,14,23,26,28",1
2016/1/5,周二,1159,2016002,"09,14,17,20,24,30",16
2016/1/3,周日,1158,2016001,"06,13,16,18,20,22",13
2015/12/31,周四,1157,2015154,"07,09,11,15,18,25",7
2015/12/29,周二,1156,2015153,"08,11,15,22,27,29",3
2015/12/27,周日,1155,2015152,"11,18,19,21,29,32",12
2015/12/24,周四,1154,2015151,"05,06,08,23,31,32",11
2015/12/22,周二,1153,2015150,"01,03,08,11,29,31",13
2015/12/20,周日,1152,2015149,"09,10,20,21,22,33",9
2015/12/17,周四,1151,2015148,"09,13,14,22,26,27",7
2015/12/15,周二,1150,2015147,"08,09,16,23,24,30",5
2015/12/13,周日,1149,2015146,"16,17,21,28,30,32",15
2015/12/10,周四,1148,2015145,"07,08,15,19,20,24",13
2015/12/8,周二,1147,2015144,"01,04,07,15,28,32",16
2015/12/6,周日,1146,2015143,"13,15,19,20,21,32",4
2015/12/3,周四,1145,2015142,"13,17,19,20,22,25",11
2015/12/1,周二,1144,2015141,"03,08,19,25,27,28",2
2015/11/29,周日,1143,2015140,"06,20,28,29,30,31",12
2015/11/26,周四,1142,2015139,"01,10,13,18,25,27",9
2015/11/24,周二,1141,2015138,"01,02,08,16,19,24",11
2015/11/22,周日,1140,2015137,"14,22,23,27,28,31",12
2015/11/19,周四,1139,2015136,"02,05,12,23,28,29",1
2015/11/17,周二,1138,2015135,"01,12,14,18,26,32",7
2015/11/15,周日,1137,2015134,"02,05,14,19,27,31",4
2015/11/12,周四,1136,2015133,"02,03,13,20,22,24",15
2015/11/10,周二,1135,2015132,"03,05,11,28,30,33",1
2015/11/8,周日,1134,2015131,"10,12,13,19,22,26",3
2015/11/5,周四,1133,2015130,"06,14,15,16,17,22",10
2015/11/3,周二,1132,2015129,"05,08,11,16,18,27",4
2015/11/1,周日,1131,2015128,"01,03,08,11,22,28",6
2015/10/29,周四,1130,2015127,"07,10,19,22,27,33",6
2015/10/27,周二,1129,2015126,"10,11,15,20,23,29",12
2015/10/25,周日,1128,2015125,"05,13,22,27,30,33",10
2015/10/22,周四,1127,2015124,"02,03,05,12,18,27",1
2015/10/20,周二,1126,2015123,"05,08,09,12,22,28",7
2015/10/18,周日,1125,2015122,"05,07,11,16,22,25",7
2015/10/15,周四,1124,2015121,"01,03,20,21,28,29",12
2015/10/13,周二,1123,2015120,"16,21,24,26,27,29",16
2015/10/11,周日,1122,2015119,"02,08,10,18,23,31",8
2015/10/8,周四,1121,2015118,"01,04,11,21,23,31",12
2015/10/6,周二,1120,2015117,"04,11,12,18,26,32",12
2015/10/4,周日,1119,2015116,"04,06,15,23,26,28",11
2015/10/1,周四,1118,2015115,"01,07,08,14,24,32",3
2015/9/29,周二,1117,2015114,"04,07,09,13,21,26",1
2015/9/27,周日,1116,2015113,"01,05,07,08,19,27",12
2015/9/24,周四,1115,2015112,"01,03,10,19,20,27",11
2015/9/22,周二,1114,2015111,"08,14,16,18,20,30",12
2015/9/20,周日,1113,2015110,"05,07,16,17,22,23",4
2015/9/17,周四,1112,2015109,"01,08,09,16,32,33",13
2015/9/15,周二,1111,2015108,"02,12,19,22,24,27",15
2015/9/13,周日,1110,2015107,"07,14,16,18,21,25",8
2015/9/10,周四,1109,2015106,"01,03,04,23,31,32",13
2015/9/8,周二,1108,2015105,"09,10,16,19,20,26",12
2015/9/6,周日,1107,2015104,"09,18,21,23,25,26",1
2015/9/3,周四,1106,2015103,"06,08,13,26,30,32",14
2015/9/1,周二,1105,2015102,"07,09,12,14,21,23",6
2015/8/30,周日,1104,2015101,"08,16,22,24,28,29",5
2015/8/27,周四,1103,2015100,"02,03,11,17,19,21",8
2015/8/25,周二,1102,2015099,"06,07,10,11,14,22",9
2015/8/23,周日,1101,2015098,"06,09,13,26,27,33",1
2015/8/20,周四,1100,2015097,"09,12,14,20,26,27",4
2015/8/18,周二,1099,2015096,"06,16,17,23,24,31",7
2015/8/16,周日,1098,2015095,"04,15,21,28,30,31",4
2015/8/13,周四,1097,2015094,"01,04,06,13,16,17",10
2015/8/11,周二,1096,2015093,"01,03,13,21,25,31",8
2015/8/9,周日,1095,2015092,"09,15,19,21,26,27",1
2015/8/6,周四,1094,2015091,"05,07,17,19,22,31",11
2015/8/4,周二,1093,2015090,"10,12,14,22,25,33",15
2015/8/2,周日,1092,2015089,"12,14,19,27,28,29",1
2015/7/30,周四,1091,2015088,"02,12,20,24,29,31",9
2015/7/28,周二,1090,2015087,"09,15,16,19,20,28",11
2015/7/26,周日,1089,2015086,"05,06,08,16,18,22",12
2015/7/23,周四,1088,2015085,"02,08,25,27,28,29",5
2015/7/21,周二,1087,2015084,"15,18,20,22,28,29",15
2015/7/19,周日,1086,2015083,"06,07,16,18,29,32",5
2015/7/16,周四,1085,2015082,"02,08,09,14,28,30",7
2015/7/14,周二,1084,2015081,"13,20,22,26,28,31",13
2015/7/12,周日,1083,2015080,"14,17,25,27,28,30",2
2015/7/9,周四,1082,2015079,"09,14,15,20,26,32",11
2015/7/7,周二,1081,2015078,"03,07,20,22,26,29",2
2015/7/5,周日,1080,2015077,"01,06,08,10,13,27",16
2015/7/2,周四,1079,2015076,"01,09,10,19,23,27",9
2015/6/30,周二,1078,2015075,"06,11,13,19,21,32",4
2015/6/28,周日,1077,2015074,"04,07,21,25,26,29",8
2015/6/25,周四,1076,2015073,"01,02,17,22,26,27",4
2015/6/23,周二,1075,2015072,"01,03,05,20,21,31",5
2015/6/21,周日,1074,2015071,"08,18,20,28,29,31",8
2015/6/18,周四,1073,2015070,"01,07,13,19,21,29",15
2015/6/16,周二,1072,2015069,"01,13,17,18,23,30",15
2015/6/14,周日,1071,2015068,"06,15,18,21,26,27",10
2015/6/11,周四,1070,2015067,"02,05,08,24,25,31",14
2015/6/9,周二,1069,2015066,"05,08,11,17,24,28",16
2015/6/7,周日,1068,2015065,"08,10,14,19,26,29",12
2015/6/4,周四,1067,2015064,"11,12,14,17,23,27",1
2015/6/2,周二,1066,2015063,"01,07,09,16,22,32",12
2015/5/31,周日,1065,2015062,"09,14,15,18,21,26",16
2015/5/28,周四,1064,2015061,"06,18,22,26,32,33",4
2015/5/26,周二,1063,2015060,"01,03,18,27,31,32",13
2015/5/24,周日,1062,2015059,"02,06,09,16,25,32",14
2015/5/21,周四,1061,2015058,"02,09,10,18,19,20",15
2015/5/19,周二,1060,2015057,"09,20,24,25,26,32",4
2015/5/17,周日,1059,2015056,"01,07,08,16,18,20",14
2015/5/14,周四,1058,2015055,"01,10,15,18,19,28",2
2015/5/12,周二,1057,2015054,"01,02,07,10,22,26",7
2015/5/10,周日,1056,2015053,"03,07,17,22,32,33",10
2015/5/7,周四,1055,2015052,"02,04,11,16,25,26",12
2015/5/5,周二,1054,2015051,"04,10,24,26,28,32",9
2015/5/3,周日,1053,2015050,"03,09,12,16,17,31",4
2015/4/30,周四,1052,2015049,"07,12,14,17,20,23",5
2015/4/28,周二,1051,2015048,"13,16,17,22,25,27",10
2015/4/26,周日,1050,2015047,"02,03,20,24,26,27",9
2015/4/23,周四,1049,2015046,"05,07,10,14,23,31",1
2015/4/21,周二,1048,2015045,"01,05,13,22,30,31",7
2015/4/19,周日,1047,2015044,"02,03,04,13,14,16",2
2015/4/16,周四,1046,2015043,"11,12,15,24,26,27",15
2015/4/14,周二,1045,2015042,"09,10,19,21,23,32",8
2015/4/12,周日,1044,2015041,"04,09,11,17,21,25",6
2015/4/9,周四,1043,2015040,"13,16,18,27,30,32",16
2015/4/7,周二,1042,2015039,"01,13,15,26,29,30",12
2015/4/5,周日,1041,2015038,"05,06,11,12,14,33",14
2015/4/2,周四,1040,2015037,"05,07,12,18,28,31",3
2015/3/31,周二,1039,2015036,"04,06,16,17,26,33",3
2015/3/29,周日,1038,2015035,"01,08,09,22,24,33",3
2015/3/26,周四,1037,2015034,"12,13,17,18,20,27",13
2015/3/24,周二,1036,2015033,"03,06,21,29,31,32",5
2015/3/22,周日,1035,2015032,"11,14,16,18,29,32",16
2015/3/19,周四,1034,2015031,"01,05,07,22,26,32",11
2015/3/17,周二,1033,2015030,"08,11,14,15,16,26",7
2015/3/15,周日,1032,2015029,"07,14,15,19,21,28",7
2015/3/12,周四,1031,2015028,"04,07,10,26,27,28",14
2015/3/10,周二,1030,2015027,"05,07,09,16,26,29",7
2015/3/8,周日,1029,2015026,"02,13,17,21,22,33",13
2015/3/5,周四,1028,2015025,"10,11,12,15,27,32",14
2015/3/3,周二,1027,2015024,"09,11,16,18,23,24",10
2015/3/1,周日,1026,2015023,"08,09,10,13,29,30",1
2015/2/26,周四,1025,2015022,"04,07,10,16,23,25",10
2015/2/17,周二,1024,2015021,"14,15,16,17,27,28",8
2015/2/15,周日,1023,2015020,"01,04,07,19,22,23",4
2015/2/12,周四,1022,2015019,"02,06,11,19,25,26",4
2015/2/10,周二,1021,2015018,"06,09,12,14,28,29",9
2015/2/8,周日,1020,2015017,"13,18,20,25,27,33",12
2015/2/5,周四,1019,2015016,"02,06,10,15,17,31",13
2015/2/3,周二,1018,2015015,"01,07,20,24,25,33",4
2015/2/1,周日,1017,2015014,"02,12,16,19,27,30",11
2015/1/29,周四,1016,2015013,"08,09,24,25,26,29",1
2015/1/27,周二,1015,2015012,"03,05,22,23,29,31",6
2015/1/25,周日,1014,2015011,"04,14,15,17,18,20",15
2015/1/22,周四,1013,2015010,"01,02,03,08,21,31",9
2015/1/20,周二,1012,2015009,"04,07,14,17,21,25",14
2015/1/18,周日,1011,2015008,"04,07,10,16,20,22",3
2015/1/15,周四,1010,2015007,"01,07,09,17,20,33",8
2015/1/13,周二,1009,2015006,"01,10,11,29,31,33",13
2015/1/11,周日,1008,2015005,"07,10,16,17,18,32",15
2015/1/8,周四,1007,2015004,"02,14,15,16,23,24",10
2015/1/6,周二,1006,2015003,"10,15,20,23,24,31",15
2015/1/4,周日,1005,2015002,"07,15,16,25,28,32",5
2015/1/1,周四,1004,2015001,"01,07,09,16,20,23",6
2014/12/30,周二,1003,2014152,"08,13,15,20,21,25",12
2014/12/28,周日,1002,2014151,"04,05,08,11,21,27",8
2014/12/25,周四,1001,2014150,"03,08,14,22,24,32",9
2014/12/23,周二,1000,2014149,"07,09,10,15,19,33",1
2014/12/21,周日,999,2014148,"01,02,05,12,15,16",13
2014/12/18,周四,998,2014147,"06,07,22,26,31,32",10
2014/12/16,周二,997,2014146,"01,06,13,20,29,32",1
2014/12/14,周日,996,2014145,"10,12,13,23,26,29",11
2014/12/11,周四,995,2014144,"03,05,06,09,10,27",14
2014/12/9,周二,994,2014143,"03,12,18,20,25,26",16
2014/12/7,周日,993,2014142,"06,21,22,23,25,28",13
2014/12/4,周四,992,2014141,"08,09,11,16,21,24",10
2014/12/2,周二,991,2014140,"06,10,11,14,17,33",6
2014/11/30,周日,990,2014139,"01,14,15,20,25,29",11
2014/11/27,周四,989,2014138,"04,06,13,29,31,33",13
2014/11/25,周二,988,2014137,"03,06,09,11,25,29",9
2014/11/23,周日,987,2014136,"03,16,19,27,31,32",10
2014/11/20,周四,986,2014135,"02,04,11,13,25,33",1
2014/11/18,周二,985,2014134,"05,16,22,23,26,28",2
2014/11/16,周日,984,2014133,"13,14,16,23,30,31",13
2014/11/13,周四,983,2014132,"05,06,14,15,18,33",8
2014/11/11,周二,982,2014131,"05,17,21,22,28,32",14
2014/11/9,周日,981,2014130,"01,02,10,24,30,33",10
2014/11/6,周四,980,2014129,"05,08,09,20,28,32",2
2014/11/4,周二,979,2014128,"05,07,08,17,18,24",14
2014/11/2,周日,978,2014127,"02,10,12,21,23,27",12
2014/10/30,周四,977,2014126,"06,11,16,17,22,27",1
2014/10/28,周二,976,2014125,"10,11,15,26,31,32",6
2014/10/26,周日,975,2014124,"02,17,20,24,31,33",4
2014/10/23,周四,974,2014123,"01,06,11,17,28,33",5
2014/10/21,周二,973,2014122,"06,09,11,16,20,29",11
2014/10/19,周日,972,2014121,"01,02,13,22,28,30",9
2014/10/16,周四,971,2014120,"01,07,12,16,23,28",4
2014/10/14,周二,970,2014119,"06,13,17,20,26,29",9
2014/10/12,周日,969,2014118,"05,07,15,18,26,30",3
2014/10/9,周四,968,2014117,"05,10,17,25,28,29",4
2014/10/7,周二,967,2014116,"09,10,14,15,19,29",16
2014/10/5,周日,966,2014115,"01,09,10,11,13,32",3
2014/10/2,周四,965,2014114,"02,07,23,30,32,33",10
2014/9/30,周二,964,2014113,"12,14,28,31,32,33",7
2014/9/28,周日,963,2014112,"01,15,16,21,24,30",3
2014/9/25,周四,962,2014111,"02,08,17,20,22,28",2
2014/9/23,周二,961,2014110,"01,08,11,13,19,30",6
2014/9/21,周日,960,2014109,"02,05,11,15,19,28",2
2014/9/18,周四,959,2014108,"03,08,09,20,23,28",2
2014/9/16,周二,958,2014107,"11,14,17,22,25,27",16
2014/9/14,周日,957,2014106,"09,14,17,18,21,25",15
2014/9/11,周四,956,2014105,"14,16,17,19,27,32",4
2014/9/9,周二,955,2014104,"02,06,12,19,27,28",13
2014/9/7,周日,954,2014103,"03,08,09,10,18,33",4
2014/9/4,周四,953,2014102,"14,16,21,24,28,31",13
2014/9/2,周二,952,2014101,"16,18,20,23,24,32",7
2014/8/31,周日,951,2014100,"01,06,09,10,14,16",11
2014/8/28,周四,950,2014099,"01,05,10,11,13,32",14
2014/8/26,周二,949,2014098,"02,13,17,20,29,31",7
2014/8/24,周日,948,2014097,"07,13,24,25,27,32",15
2014/8/21,周四,947,2014096,"12,14,17,19,22,24",8
2014/8/19,周二,946,2014095,"05,06,08,14,22,31",8
2014/8/17,周日,945,2014094,"01,10,18,20,23,29",1
2014/8/14,周四,944,2014093,"02,08,09,10,20,29",5
2014/8/12,周二,943,2014092,"03,13,18,19,22,26",7
2014/8/10,周日,942,2014091,"01,05,12,19,27,29",14
2014/8/7,周四,941,2014090,"05,09,11,19,24,32",13
2014/8/5,周二,940,2014089,"04,06,14,17,27,30",9
2014/8/3,周日,939,2014088,"03,06,11,14,16,29",15
2014/7/31,周四,938,2014087,"06,18,22,23,32,33",6
2014/7/29,周二,937,2014086,"02,04,10,12,14,30",8
2014/7/27,周日,936,2014085,"01,02,11,19,23,29",8
2014/7/24,周四,935,2014084,"01,06,09,10,13,25",8
2014/7/22,周二,934,2014083,"05,06,19,21,23,33",12
2014/7/20,周日,933,2014082,"02,04,20,25,26,29",11
2014/7/17,周四,932,2014081,"08,14,22,24,27,29",10
2014/7/15,周二,931,2014080,"05,14,16,17,25,30",7
2014/7/13,周日,930,2014079,"02,07,16,22,27,28",2
2014/7/10,周四,929,2014078,"02,03,05,06,09,17",7
2014/7/8,周二,928,2014077,"08,09,12,15,19,22",10
2014/7/6,周日,927,2014076,"06,10,12,17,18,33",11
2014/7/3,周四,926,2014075,"03,09,11,22,27,29",6
2014/7/1,周二,925,2014074,"01,03,06,13,30,31",12
2014/6/29,周日,924,2014073,"01,12,16,20,30,33",2
2014/6/26,周四,923,2014072,"01,03,07,13,19,32",16
2014/6/24,周二,922,2014071,"02,04,12,17,22,25",14
2014/6/22,周日,921,2014070,"01,07,09,19,28,29",7
2014/6/19,周四,920,2014069,"05,12,17,19,25,30",11
2014/6/17,周二,919,2014068,"04,12,13,22,27,29",16
2014/6/15,周日,918,2014067,"01,06,07,17,18,23",6
2014/6/12,周四,917,2014066,"02,05,15,17,18,21",16
2014/6/10,周二,916,2014065,"03,04,05,08,10,22",6
2014/6/8,周日,915,2014064,"02,09,15,16,29,32",14
2014/6/5,周四,914,2014063,"03,08,17,21,22,31",16
2014/6/3,周二,913,2014062,"06,09,15,24,25,26",9
2014/6/1,周日,912,2014061,"02,14,17,27,28,31",8
2014/5/29,周四,911,2014060,"03,05,14,18,25,33",6
2014/5/27,周二,910,2014059,"05,08,12,13,23,25",13
2014/5/25,周日,909,2014058,"02,03,12,13,14,25",11
2014/5/22,周四,908,2014057,"02,04,12,18,23,31",8
2014/5/20,周二,907,2014056,"01,11,18,20,28,29",1
2014/5/18,周日,906,2014055,"02,09,14,19,21,30",4
2014/5/15,周四,905,2014054,"01,04,05,11,29,30",14
2014/5/13,周二,904,2014053,"14,17,19,22,26,31",2
2014/5/11,周日,903,2014052,"09,13,15,28,30,33",8
2014/5/8,周四,902,2014051,"10,16,19,21,23,24",13
2014/5/6,周二,901,2014050,"03,17,23,25,26,32",13
2014/5/4,周日,900,2014049,"06,07,16,17,23,32",6
2014/5/1,周四,899,2014048,"06,09,16,17,24,25",16
2014/4/29,周二,898,2014047,"08,10,11,12,19,29",15
2014/4/27,周日,897,2014046,"02,10,11,17,18,22",10
2014/4/24,周四,896,2014045,"02,04,09,11,19,22",15
2014/4/22,周二,895,2014044,"04,09,21,27,28,33",12
2014/4/20,周日,894,2014043,"02,05,09,14,24,33",9
2014/4/17,周四,893,2014042,"12,15,20,25,28,33",14
2014/4/15,周二,892,2014041,"07,11,16,18,21,22",2
2014/4/13,周日,891,2014040,"03,04,06,11,12,15",8
2014/4/10,周四,890,2014039,"03,11,15,19,20,31",7
2014/4/8,周二,889,2014038,"04,07,22,23,24,33",16
2014/4/6,周日,888,2014037,"06,13,14,24,25,30",7
2014/4/3,周四,887,2014036,"01,07,08,09,11,22",3
2014/4/1,周二,886,2014035,"07,08,09,17,32,33",6
2014/3/30,周日,885,2014034,"01,03,04,08,25,31",6
2014/3/27,周四,884,2014033,"05,13,23,28,32,33",12
2014/3/25,周二,883,2014032,"01,02,14,22,29,33",7
2014/3/23,周日,882,2014031,"04,10,16,17,21,27",14
2014/3/20,周四,881,2014030,"12,18,19,23,24,30",10
2014/3/18,周二,880,2014029,"02,07,14,16,21,29",14
2014/3/16,周日,879,2014028,"06,16,21,27,30,32",5
2014/3/13,周四,878,2014027,"08,10,14,16,30,31",1
2014/3/11,周二,877,2014026,"01,02,05,06,11,23",14
2014/3/9,周日,876,2014025,"01,05,10,14,16,30",16
2014/3/6,周四,875,2014024,"08,10,16,20,23,30",9
2014/3/4,周二,874,2014023,"07,09,13,17,21,22",10
2014/3/2,周日,873,2014022,"04,06,07,10,21,26",16
2014/2/27,周四,872,2014021,"08,10,15,17,22,29",12
2014/2/25,周二,871,2014020,"09,14,17,23,24,25",15
2014/2/23,周日,870,2014019,"02,10,15,19,20,21",7
2014/2/20,周四,869,2014018,"13,17,18,21,30,33",15
2014/2/18,周二,868,2014017,"04,06,07,14,25,26",10
2014/2/16,周日,867,2014016,"02,03,07,13,21,24",8
2014/2/13,周四,866,2014015,"02,11,19,30,32,33",9
2014/2/11,周二,865,2014014,"04,09,19,22,25,29",15
2014/2/9,周日,864,2014013,"05,09,13,15,17,21",13
2014/1/28,周二,863,2014012,"01,08,11,19,21,24",8
2014/1/26,周日,862,2014011,"09,10,13,14,21,32",2
2014/1/23,周四,861,2014010,"05,07,08,20,31,33",11
2014/1/21,周二,860,2014009,"08,09,19,20,25,32",16
2014/1/19,周日,859,2014008,"05,14,16,21,29,30",12
2014/1/16,周四,858,2014007,"08,10,12,14,18,28",14
2014/1/14,周二,857,2014006,"03,04,07,17,21,27",14
2014/1/12,周日,856,2014005,"15,18,23,27,32,33",4
2014/1/9,周四,855,2014004,"01,04,19,22,24,25",15
2014/1/7,周二,854,2014003,"06,10,11,28,30,33",12
2014/1/5,周日,853,2014002,"04,21,23,31,32,33",4
2014/1/2,周四,852,2014001,"03,09,15,20,27,29",1
2013/12/31,周二,851,2013154,"07,11,14,19,24,29",5
2013/12/29,周日,850,2013153,"08,11,13,18,28,33",10
2013/12/26,周四,849,2013152,"04,06,14,16,18,29",5
2013/12/24,周二,848,2013151,"03,09,10,19,28,33",9
2013/12/22,周日,847,2013150,"01,15,16,25,26,29",10
2013/12/19,周四,846,2013149,"09,18,25,26,30,32",11
2013/12/17,周二,845,2013148,"06,11,12,14,17,22",1
2013/12/15,周日,844,2013147,"02,15,16,17,19,30",8
2013/12/12,周四,843,2013146,"08,20,25,30,32,33",1
2013/12/10,周二,842,2013145,"06,10,13,16,23,24",15
2013/12/8,周日,841,2013144,"05,07,12,19,27,31",2
2013/12/5,周四,840,2013143,"12,18,21,22,27,32",11
2013/12/3,周二,839,2013142,"11,12,14,20,22,29",14
2013/12/1,周日,838,2013141,"03,04,05,25,30,31",4
2013/11/28,周四,837,2013140,"01,05,12,13,21,22",10
2013/11/26,周二,836,2013139,"07,08,11,13,21,27",8
2013/11/24,周日,835,2013138,"04,15,16,24,27,28",3
2013/11/21,周四,834,2013137,"04,17,19,23,24,27",10
2013/11/19,周二,833,2013136,"04,06,14,16,18,26",6
2013/11/17,周日,832,2013135,"09,23,24,25,29,31",12
2013/11/14,周四,831,2013134,"01,17,18,19,25,29",10
2013/11/12,周二,830,2013133,"04,07,12,19,22,25",1
2013/11/10,周日,829,2013132,"20,21,22,23,25,27",12
2013/11/7,周四,828,2013131,"04,06,12,17,19,26",9
2013/11/5,周二,827,2013130,"01,03,15,16,31,33",8
2013/11/3,周日,826,2013129,"05,06,10,14,27,31",14
2013/10/31,周四,825,2013128,"07,13,17,19,25,31",8
2013/10/29,周二,824,2013127,"02,03,13,20,22,33",14
2013/10/27,周日,823,2013126,"04,10,19,27,31,33",16
2013/10/24,周四,822,2013125,"04,06,08,18,25,28",16
2013/10/22,周二,821,2013124,"03,09,15,23,25,30",7
2013/10/20,周日,820,2013123,"01,02,06,11,17,25",2
2013/10/17,周四,819,2013122,"07,10,13,15,26,27",11
2013/10/15,周二,818,2013121,"04,05,06,07,25,27",7
2013/10/13,周日,817,2013120,"05,06,13,18,23,31",11
2013/10/10,周四,816,2013119,"05,15,20,22,26,32",9
2013/10/8,周二,815,2013118,"02,03,17,22,32,33",16
2013/10/6,周日,814,2013117,"09,12,13,24,27,33",16
2013/10/3,周四,813,2013116,"12,15,21,26,32,33",7
2013/10/1,周二,812,2013115,"03,12,16,17,18,27",8
2013/9/29,周日,811,2013114,"04,06,17,21,23,33",7
2013/9/26,周四,810,2013113,"04,07,11,17,24,33",9
2013/9/24,周二,809,2013112,"01,06,12,13,22,31",7
2013/9/22,周日,808,2013111,"01,02,03,06,08,33",13
2013/9/19,周四,807,2013110,"15,17,18,21,29,32",13
2013/9/17,周二,806,2013109,"09,23,24,27,29,32",8
2013/9/15,周日,805,2013108,"16,21,22,28,31,32",5
2013/9/12,周四,804,2013107,"07,09,11,17,28,31",11
2013/9/10,周二,803,2013106,"09,11,23,30,31,32",6
2013/9/8,周日,802,2013105,"01,11,23,27,31,32",9
2013/9/5,周四,801,2013104,"01,02,04,15,17,28",11
2013/9/3,周二,800,2013103,"02,04,09,13,18,20",7
2013/9/1,周日,799,2013102,"02,04,05,06,08,16",3
2013/8/29,周四,798,2013101,"05,07,09,23,27,32",1
2013/8/27,周二,797,2013100,"04,08,11,14,16,20",11
2013/8/25,周日,796,2013099,"05,11,20,21,26,31",3
2013/8/22,周四,795,2013098,"07,15,18,19,20,26",14
2013/8/20,周二,794,2013097,"05,14,17,22,23,25",7
2013/8/18,周日,793,2013096,"01,02,22,28,29,30",15
2013/8/15,周四,792,2013095,"01,06,15,19,28,29",10
2013/8/13,周二,791,2013094,"02,04,14,18,20,22",7
2013/8/11,周日,790,2013093,"01,02,08,26,29,31",14
2013/8/8,周四,789,2013092,"07,11,15,21,26,31",6
2013/8/6,周二,788,2013091,"04,14,24,25,28,31",10
2013/8/4,周日,787,2013090,"02,05,11,23,24,29",8
2013/8/1,周四,786,2013089,"04,08,12,19,21,25",13
2013/7/30,周二,785,2013088,"09,15,20,21,22,24",14
2013/7/28,周日,784,2013087,"02,13,19,23,24,28",5
2013/7/25,周四,783,2013086,"02,04,11,13,16,26",11
2013/7/23,周二,782,2013085,"02,08,12,14,16,32",16
2013/7/21,周日,781,2013084,"05,07,09,11,20,21",3
2013/7/18,周四,780,2013083,"05,06,12,14,19,23",9
2013/7/16,周二,779,2013082,"04,13,14,20,22,30",6
2013/7/14,周日,778,2013081,"01,04,10,13,21,31",13
2013/7/11,周四,777,2013080,"10,11,12,23,28,32",16
2013/7/9,周二,776,2013079,"07,13,17,19,22,26",13
2013/7/7,周日,775,2013078,"03,05,17,18,26,27",15
2013/7/4,周四,774,2013077,"09,14,23,24,26,29",3
2013/7/2,周二,773,2013076,"14,23,24,26,29,30",3
2013/6/30,周日,772,2013075,"04,06,09,25,30,33",14
2013/6/27,周四,771,2013074,"03,06,08,14,19,32",3
2013/6/25,周二,770,2013073,"02,09,13,17,20,28",11
2013/6/23,周日,769,2013072,"02,08,11,14,19,33",9
2013/6/20,周四,768,2013071,"05,12,21,23,26,28",9
2013/6/18,周二,767,2013070,"02,03,09,10,28,30",6
2013/6/16,周日,766,2013069,"07,16,17,18,30,33",6
2013/6/13,周四,765,2013068,"02,07,13,20,25,27",6
2013/6/11,周二,764,2013067,"01,04,09,15,22,30",6
2013/6/9,周日,763,2013066,"01,03,16,17,20,32",7
2013/6/6,周四,762,2013065,"07,18,19,23,29,30",2
2013/6/4,周二,761,2013064,"01,09,13,22,25,32",12
2013/6/2,周日,760,2013063,"10,15,18,20,23,31",12
2013/5/30,周四,759,2013062,"01,06,07,19,22,27",2
2013/5/28,周二,758,2013061,"05,06,07,12,13,18",12
2013/5/26,周日,757,2013060,"05,07,10,13,19,20",15
2013/5/23,周四,756,2013059,"03,10,18,24,27,29",9
2013/5/21,周二,755,2013058,"08,11,17,21,23,24",5
2013/5/19,周日,754,2013057,"13,16,19,23,26,28",5
2013/5/16,周四,753,2013056,"03,12,25,26,28,29",16
2013/5/14,周二,752,2013055,"08,18,19,22,27,32",6
2013/5/12,周日,751,2013054,"03,04,08,14,21,28",14
2013/5/9,周四,750,2013053,"03,12,13,22,30,33",14
2013/5/7,周二,749,2013052,"06,07,14,21,22,24",13
2013/5/5,周日,748,2013051,"08,12,15,19,28,29",2
2013/5/2,周四,747,2013050,"03,07,13,18,22,25",3
2013/4/30,周二,746,2013049,"10,13,14,16,21,32",14
2013/4/28,周日,745,2013048,"10,13,17,28,30,32",4
2013/4/25,周四,744,2013047,"01,08,11,17,27,30",12
2013/4/23,周二,743,2013046,"03,16,19,20,24,26",6
2013/4/21,周日,742,2013045,"06,07,08,14,23,31",12
2013/4/18,周四,741,2013044,"03,05,11,18,26,28",6
2013/4/16,周二,740,2013043,"03,06,14,15,17,25",16
2013/4/14,周日,739,2013042,"01,08,12,13,15,33",3
2013/4/11,周四,738,2013041,"02,10,12,17,23,24",5
2013/4/9,周二,737,2013040,"02,04,10,12,17,30",10
2013/4/7,周日,736,2013039,"01,02,14,15,24,29",6
2013/4/4,周四,735,2013038,"09,10,12,14,15,19",11
2013/4/2,周二,734,2013037,"02,15,18,27,28,32",14
2013/3/31,周日,733,2013036,"04,05,09,27,29,31",13
2013/3/28,周四,732,2013035,"01,14,15,17,26,30",2
2013/3/26,周二,731,2013034,"06,15,20,22,26,33",9
2013/3/24,周日,730,2013033,"05,06,13,17,19,28",1
2013/3/21,周四,729,2013032,"04,21,25,29,30,33",3
2013/3/19,周二,728,2013031,"03,13,14,15,21,33",3
2013/3/17,周日,727,2013030,"07,14,18,25,26,29",6
2013/3/14,周四,726,2013029,"06,07,10,19,23,29",12
2013/3/12,周二,725,2013028,"07,08,14,25,26,28",13
2013/3/10,周日,724,2013027,"01,02,04,12,21,24",12
2013/3/7,周四,723,2013026,"04,11,14,15,22,31",11
2013/3/5,周二,722,2013025,"16,17,18,24,25,30",8
2013/3/3,周日,721,2013024,"04,05,13,23,27,30",9
2013/2/28,周四,720,2013023,"03,06,15,18,30,32",5
2013/2/26,周二,719,2013022,"02,04,07,09,15,20",7
2013/2/24,周日,718,2013021,"01,06,17,19,26,31",11
2013/2/21,周四,717,2013020,"01,07,08,12,16,21",1
2013/2/19,周二,716,2013019,"01,02,05,16,20,26",6
2013/2/17,周日,715,2013018,"02,08,13,28,29,30",5
2013/2/7,周四,714,2013017,"04,06,12,30,31,32",9
2013/2/5,周二,713,2013016,"02,05,06,12,14,28",5
2013/2/3,周日,712,2013015,"05,06,07,11,13,18",15
2013/1/31,周四,711,2013014,"02,04,05,17,19,20",8
2013/1/29,周二,710,2013013,"05,06,13,19,22,28",9
2013/1/27,周日,709,2013012,"06,14,17,22,28,29",2
2013/1/24,周四,708,2013011,"03,12,17,24,27,29",9
2013/1/22,周二,707,2013010,"01,09,11,17,32,33",12
2013/1/20,周日,706,2013009,"01,04,09,13,16,23",2
2013/1/17,周四,705,2013008,"03,08,17,21,25,32",15
2013/1/15,周二,704,2013007,"02,09,15,22,26,32",1
2013/1/13,周日,703,2013006,"09,10,13,17,22,30",13
2013/1/10,周四,702,2013005,"01,13,14,25,31,32",12
2013/1/8,周二,701,2013004,"06,10,16,20,27,32",8
2013/1/6,周日,700,2013003,"22,23,26,27,28,33",9
2013/1/3,周四,699,2013002,"01,16,18,22,28,30",12
2013/1/1,周二,698,2013001,"06,08,14,15,24,25",6
2012/12/30,周日,697,2012154,"05,07,12,16,28,32",4
2012/12/27,周四,696,2012153,"04,05,11,21,27,28",10
2012/12/25,周二,695,2012152,"10,12,18,22,28,29",7
2012/12/23,周日,694,2012151,"05,14,24,25,26,32",1
2012/12/20,周四,693,2012150,"09,11,17,23,24,26",7
2012/12/18,周二,692,2012149,"01,05,13,25,26,32",13
2012/12/16,周日,691,2012148,"03,06,11,17,21,31",7
2012/12/13,周四,690,2012147,"02,12,15,23,24,32",9
2012/12/11,周二,689,2012146,"01,05,07,13,29,32",13
2012/12/9,周日,688,2012145,"05,20,26,27,28,33",3
2012/12/6,周四,687,2012144,"03,10,12,13,27,30",4
2012/12/4,周二,686,2012143,"07,08,18,25,30,32",6
2012/12/2,周日,685,2012142,"05,18,22,28,29,31",6
2012/11/29,周四,684,2012141,"03,05,08,19,20,27",9
2012/11/27,周二,683,2012140,"14,18,27,30,31,33",15
2012/11/25,周日,682,2012139,"08,19,21,24,28,31",15
2012/11/22,周四,681,2012138,"01,07,16,17,19,21",14
2012/11/20,周二,680,2012137,"01,02,04,06,13,17",7
2012/11/18,周日,679,2012136,"02,07,08,17,21,28",11
2012/11/15,周四,678,2012135,"02,05,07,08,11,17",16
2012/11/13,周二,677,2012134,"02,05,06,07,13,23",15
2012/11/11,周日,676,2012133,"01,08,11,20,21,29",2
2012/11/8,周四,675,2012132,"07,12,16,17,21,25",10
2012/11/6,周二,674,2012131,"06,18,19,26,28,32",12
2012/11/4,周日,673,2012130,"01,03,15,20,22,31",3
2012/11/1,周四,672,2012129,"01,07,09,17,21,29",1
2012/10/30,周二,671,2012128,"05,09,12,29,30,31",5
2012/10/28,周日,670,2012127,"01,09,11,21,26,32",8
2012/10/25,周四,669,2012126,"03,05,12,15,23,24",7
2012/10/23,周二,668,2012125,"08,12,13,26,29,33",1
2012/10/21,周日,667,2012124,"06,07,21,25,27,33",11
2012/10/18,周四,666,2012123,"08,10,16,25,28,33",9
2012/10/16,周二,665,2012122,"12,13,19,22,28,29",11
2012/10/14,周日,664,2012121,"01,07,08,20,23,24",11
2012/10/11,周四,663,2012120,"01,04,20,24,28,29",16
2012/10/9,周二,662,2012119,"12,20,25,26,27,28",13
2012/10/7,周日,661,2012118,"05,06,07,12,15,28",11
2012/10/4,周四,660,2012117,"13,15,18,20,24,28",9
2012/10/2,周二,659,2012116,"03,21,26,29,31,32",3
2012/9/30,周日,658,2012115,"03,08,20,24,26,32",14
2012/9/27,周四,657,2012114,"01,06,11,26,27,29",15
2012/9/25,周二,656,2012113,"03,06,09,13,18,32",6
2012/9/23,周日,655,2012112,"08,15,20,21,27,31",6
2012/9/20,周四,654,2012111,"02,09,10,20,22,31",13
2012/9/18,周二,653,2012110,"03,07,10,13,22,32",9
2012/9/16,周日,652,2012109,"02,12,24,26,29,31",3
2012/9/13,周四,651,2012108,"01,09,12,13,19,28",13
2012/9/11,周二,650,2012107,"11,12,15,24,25,31",9
2012/9/9,周日,649,2012106,"13,14,20,22,23,32",16
2012/9/6,周四,648,2012105,"06,13,14,15,17,30",4
2012/9/4,周二,647,2012104,"04,05,09,10,19,28",3
2012/9/2,周日,646,2012103,"04,09,11,14,32,33",2
2012/8/30,周四,645,2012102,"13,25,27,28,29,30",15
2012/8/28,周二,644,2012101,"09,12,17,18,20,33",2
2012/8/26,周日,643,2012100,"05,07,15,18,25,33",10
2012/8/23,周四,642,2012099,"08,12,15,16,21,27",16
2012/8/21,周二,641,2012098,"02,12,19,26,29,31",9
2012/8/19,周日,640,2012097,"05,08,13,14,19,22",6
2012/8/16,周四,639,2012096,"04,07,11,16,29,33",7
2012/8/14,周二,638,2012095,"17,24,27,28,29,30",2
2012/8/12,周日,637,2012094,"06,09,14,16,23,33",15
2012/8/9,周四,636,2012093,"03,05,19,21,24,33",13
2012/8/7,周二,635,2012092,"06,13,17,18,28,32",3
2012/8/5,周日,634,2012091,"01,05,07,08,19,21",16
2012/8/2,周四,633,2012090,"02,13,20,25,29,30",11
2012/7/31,周二,632,2012089,"03,07,10,13,14,25",11
2012/7/29,周日,631,2012088,"03,05,23,24,27,31",15
2012/7/26,周四,630,2012087,"03,10,11,13,14,22",9
2012/7/24,周二,629,2012086,"08,09,13,15,22,23",8
2012/7/22,周日,628,2012085,"05,17,24,30,31,33",5
2012/7/19,周四,627,2012084,"02,10,20,26,28,29",14
2012/7/17,周二,626,2012083,"04,09,14,15,26,33",4
2012/7/15,周日,625,2012082,"02,04,11,18,22,29",6
2012/7/12,周四,624,2012081,"02,05,10,24,25,29",6
2012/7/10,周二,623,2012080,"04,09,14,15,16,27",3
2012/7/8,周日,622,2012079,"06,07,12,24,30,33",12
2012/7/5,周四,621,2012078,"08,15,22,24,28,33",12
2012/7/3,周二,620,2012077,"02,04,13,18,26,28",12
2012/7/1,周日,619,2012076,"11,18,22,27,29,30",15
2012/6/28,周四,618,2012075,"04,06,22,23,29,32",11
2012/6/26,周二,617,2012074,"15,16,18,19,28,32",8
2012/6/24,周日,616,2012073,"04,07,09,10,17,27",5
2012/6/21,周四,615,2012072,"02,03,07,09,13,30",6
2012/6/19,周二,614,2012071,"03,04,19,21,22,23",8
2012/6/17,周日,613,2012070,"02,03,04,24,31,32",11
2012/6/14,周四,612,2012069,"08,10,11,18,20,29",6
2012/6/12,周二,611,2012068,"05,17,22,26,32,33",10
2012/6/10,周日,610,2012067,"04,05,10,21,26,30",16
2012/6/7,周四,609,2012066,"01,02,09,26,29,33",12
2012/6/5,周二,608,2012065,"08,10,18,19,27,31",14
2012/6/3,周日,607,2012064,"05,10,11,16,23,24",11
2012/5/31,周四,606,2012063,"02,10,17,19,24,27",12
2012/5/29,周二,605,2012062,"02,13,16,17,20,31",7
2012/5/27,周日,604,2012061,"03,08,11,12,14,18",14
2012/5/24,周四,603,2012060,"07,10,13,16,17,29",1
2012/5/22,周二,602,2012059,"04,13,21,22,26,31",1
2012/5/20,周日,601,2012058,"03,06,15,20,25,26",4
2012/5/17,周四,600,2012057,"03,05,19,21,27,31",4
2012/5/15,周二,599,2012056,"04,07,14,17,26,31",10
2012/5/13,周日,598,2012055,"04,06,13,20,24,28",1
2012/5/10,周四,597,2012054,"06,14,18,20,30,33",14
2012/5/8,周二,596,2012053,"04,15,22,25,27,33",4
2012/5/6,周日,595,2012052,"02,03,05,06,20,24",4
2012/5/3,周四,594,2012051,"02,12,14,17,30,31",9
2012/5/1,周二,593,2012050,"07,13,15,17,19,24",11
2012/4/29,周日,592,2012049,"04,12,13,19,20,32",2
2012/4/26,周四,591,2012048,"01,05,14,22,24,30",10
2012/4/24,周二,590,2012047,"06,07,11,16,32,33",11
2012/4/22,周日,589,2012046,"04,12,19,20,23,33",6
2012/4/19,周四,588,2012045,"08,11,20,21,27,30",9
2012/4/17,周二,587,2012044,"06,09,10,14,22,25",3
2012/4/15,周日,586,2012043,"02,09,11,21,26,33",3
2012/4/12,周四,585,2012042,"05,06,11,19,24,28",16
2012/4/10,周二,584,2012041,"08,11,15,20,24,32",2
2012/4/8,周日,583,2012040,"03,08,09,22,25,31",10
2012/4/5,周四,582,2012039,"01,02,05,13,22,29",8
2012/4/3,周二,581,2012038,"09,10,11,15,19,33",16
2012/4/1,周日,580,2012037,"05,14,19,24,28,33",9
2012/3/29,周四,579,2012036,"02,11,13,18,19,26",9
2012/3/27,周二,578,2012035,"09,11,12,21,24,26",5
2012/3/25,周日,577,2012034,"02,03,08,23,32,33",16
2012/3/22,周四,576,2012033,"02,03,15,16,17,27",4
2012/3/20,周二,575,2012032,"01,02,10,17,22,24",4
2012/3/18,周日,574,2012031,"04,16,22,24,27,31",3
2012/3/15,周四,573,2012030,"09,10,17,18,21,31",8
2012/3/13,周二,572,2012029,"04,07,15,25,26,28",3
2012/3/11,周日,571,2012028,"10,15,20,21,28,30",11
2012/3/8,周四,570,2012027,"04,16,22,25,30,31",12
2012/3/6,周二,569,2012026,"03,07,09,15,24,25",16
2012/3/4,周日,568,2012025,"03,08,09,17,25,27",6
2012/3/1,周四,567,2012024,"04,12,19,21,25,28",13
2012/2/28,周二,566,2012023,"05,09,15,23,24,33",2
2012/2/26,周日,565,2012022,"04,08,12,24,26,27",4
2012/2/23,周四,564,2012021,"01,15,16,18,22,30",3
2012/2/21,周二,563,2012020,"03,08,12,18,23,29",11
2012/2/19,周日,562,2012019,"07,14,18,20,22,30",16
2012/2/16,周四,561,2012018,"03,05,06,22,26,32",15
2012/2/14,周二,560,2012017,"06,09,14,19,25,28",10
2012/2/12,周日,559,2012016,"02,05,12,17,22,25",8
2012/2/9,周四,558,2012015,"01,03,06,10,21,23",15
2012/2/7,周二,557,2012014,"01,02,05,16,28,30",12
2012/2/5,周日,556,2012013,"06,08,24,29,30,32",13
2012/2/2,周四,555,2012012,"15,17,18,20,23,27",1
2012/1/31,周二,554,2012011,"04,14,15,16,20,26",5
2012/1/29,周日,553,2012010,"01,03,13,19,25,26",10
2012/1/19,周四,552,2012009,"04,16,24,26,27,33",11
2012/1/17,周二,551,2012008,"01,12,20,23,24,29",8
2012/1/15,周日,550,2012007,"10,17,19,27,28,32",4
2012/1/12,周四,549,2012006,"02,22,25,29,32,33",8
2012/1/10,周二,548,2012005,"07,09,18,27,31,33",6
2012/1/8,周日,547,2012004,"01,05,10,11,21,23",16
2012/1/5,周四,546,2012003,"03,06,08,24,29,31",9
2012/1/3,周二,545,2012002,"02,03,07,09,10,32",13
2012/1/1,周日,544,2012001,"01,04,05,09,15,17",6
2011/12/29,周四,543,2011153,"05,08,09,10,20,25",13
2011/12/27,周二,542,2011152,"04,10,11,12,21,26",13
2011/12/25,周日,541,2011151,"07,11,16,19,31,33",10
2011/12/22,周四,540,2011150,"08,10,12,15,22,27",13
2011/12/20,周二,539,2011149,"04,05,06,07,23,31",16
2011/12/18,周日,538,2011148,"05,14,22,23,25,26",14
2011/12/15,周四,537,2011147,"04,08,12,17,18,30",10
2011/12/13,周二,536,2011146,"11,23,26,28,32,33",10
2011/12/11,周日,535,2011145,"02,04,14,15,26,30",4
2011/12/8,周四,534,2011144,"01,02,09,10,16,24",3
2011/12/6,周二,533,2011143,"07,08,12,14,15,30",16
2011/12/4,周日,532,2011142,"12,15,16,26,29,31",2
2011/12/1,周四,531,2011141,"02,04,06,19,24,29",11
2011/11/29,周二,530,2011140,"04,18,20,22,27,29",6
2011/11/27,周日,529,2011139,"08,20,24,27,30,31",3
2011/11/24,周四,528,2011138,"01,05,15,24,28,32",7
2011/11/22,周二,527,2011137,"02,11,18,23,30,33",13
2011/11/20,周日,526,2011136,"02,04,06,20,22,31",7
2011/11/17,周四,525,2011135,"12,13,17,20,25,26",12
2011/11/15,周二,524,2011134,"01,02,06,07,30,31",10
2011/11/13,周日,523,2011133,"12,14,20,21,25,31",16
2011/11/10,周四,522,2011132,"02,05,12,13,25,33",7
2011/11/8,周二,521,2011131,"02,07,09,17,21,25",1
2011/11/6,周日,520,2011130,"07,14,18,23,25,32",15
2011/11/3,周四,519,2011129,"07,10,11,21,23,26",6
2011/11/1,周二,518,2011128,"09,11,14,17,19,23",12
2011/10/30,周日,517,2011127,"16,19,22,23,27,29",11
2011/10/27,周四,516,2011126,"03,07,13,18,23,26",16
2011/10/25,周二,515,2011125,"03,10,15,24,27,32",8
2011/10/23,周日,514,2011124,"09,18,19,26,31,32",16
2011/10/20,周四,513,2011123,"01,04,05,14,19,28",16
2011/10/18,周二,512,2011122,"10,12,18,26,27,31",3
2011/10/16,周日,511,2011121,"04,14,22,25,32,33",2
2011/10/13,周四,510,2011120,"04,14,17,28,30,33",7
2011/10/11,周二,509,2011119,"09,12,14,19,28,32",1
2011/10/9,周日,508,2011118,"05,06,11,14,20,21",10
2011/10/6,周四,507,2011117,"08,10,19,26,28,30",4
2011/10/4,周二,506,2011116,"01,07,11,12,17,27",5
2011/10/2,周日,505,2011115,"07,08,09,12,17,33",16
2011/9/29,周四,504,2011114,"01,14,15,16,30,32",9
2011/9/27,周二,503,2011113,"06,10,11,25,32,33",5
2011/9/25,周日,502,2011112,"03,05,16,18,23,24",15
2011/9/22,周四,501,2011111,"01,03,05,20,25,27",4
2011/9/20,周二,500,2011110,"12,14,21,26,28,33",12
2011/9/18,周日,499,2011109,"01,03,09,15,16,33",15
2011/9/15,周四,498,2011108,"02,17,22,26,29,33",10
2011/9/13,周二,497,2011107,"04,09,16,17,22,29",15
2011/9/11,周日,496,2011106,"02,11,12,14,24,32",14
2011/9/8,周四,495,2011105,"04,06,23,25,27,28",1
2011/9/6,周二,494,2011104,"09,10,16,20,25,29",9
2011/9/4,周日,493,2011103,"04,05,10,13,15,16",12
2011/9/1,周四,492,2011102,"01,05,13,21,27,31",11
2011/8/30,周二,491,2011101,"06,10,19,23,29,31",6
2011/8/28,周日,490,2011100,"07,11,21,23,31,32",5
2011/8/25,周四,489,2011099,"10,12,13,21,26,27",14
2011/8/23,周二,488,2011098,"03,07,20,21,22,32",5
2011/8/21,周日,487,2011097,"09,17,19,20,21,26",16
2011/8/18,周四,486,2011096,"01,04,07,13,14,19",15
2011/8/16,周二,485,2011095,"03,07,08,10,23,24",5
2011/8/14,周日,484,2011094,"09,11,12,17,18,19",5
2011/8/11,周四,483,2011093,"04,07,11,13,23,30",9
2011/8/9,周二,482,2011092,"05,10,17,26,31,32",4
2011/8/7,周日,481,2011091,"09,15,21,23,28,30",3
2011/8/4,周四,480,2011090,"02,05,14,18,21,25",16
2011/8/2,周二,479,2011089,"01,02,11,24,29,30",12
2011/7/31,周日,478,2011088,"03,09,17,20,21,29",4
2011/7/28,周四,477,2011087,"02,03,04,05,18,28",1
2011/7/26,周二,476,2011086,"06,07,09,12,17,24",9
2011/7/24,周日,475,2011085,"03,06,11,21,24,31",10
2011/7/21,周四,474,2011084,"09,10,12,16,18,32",15
2011/7/19,周二,473,2011083,"07,16,18,24,28,29",6
2011/7/17,周日,472,2011082,"07,16,17,20,25,26",4
2011/7/14,周四,471,2011081,"06,14,19,23,25,32",12
2011/7/12,周二,470,2011080,"02,07,09,25,31,32",9
2011/7/10,周日,469,2011079,"03,14,15,16,24,29",5
2011/7/7,周四,468,2011078,"03,05,13,20,22,29",9
2011/7/5,周二,467,2011077,"01,07,08,15,26,29",10
2011/7/3,周日,466,2011076,"06,19,21,26,32,33",13
2011/6/30,周四,465,2011075,"07,09,10,12,31,32",13
2011/6/28,周二,464,2011074,"02,21,26,28,29,32",1
2011/6/26,周日,463,2011073,"03,04,05,12,17,21",14
2011/6/23,周四,462,2011072,"01,06,10,11,18,27",12
2011/6/21,周二,461,2011071,"01,02,15,22,28,30",2
2011/6/19,周日,460,2011070,"01,03,05,12,21,28",12
2011/6/16,周四,459,2011069,"02,13,16,18,24,30",12
2011/6/14,周二,458,2011068,"03,07,10,15,19,24",10
2011/6/12,周日,457,2011067,"17,19,20,24,25,27",12
2011/6/9,周四,456,2011066,"04,06,14,17,30,32",12
2011/6/7,周二,455,2011065,"04,16,23,25,27,29",3
2011/6/5,周日,454,2011064,"03,06,07,29,30,33",2
2011/6/2,周四,453,2011063,"04,06,13,15,18,19",5
2011/5/31,周二,452,2011062,"04,08,09,10,29,30",3
2011/5/29,周日,451,2011061,"02,03,08,13,19,21",3
2011/5/26,周四,450,2011060,"10,11,13,21,27,31",1
2011/5/24,周二,449,2011059,"24,26,27,29,31,33",16
2011/5/22,周日,448,2011058,"07,18,22,30,32,33",6
2011/5/19,周四,447,2011057,"04,06,20,21,26,33",2
2011/5/17,周二,446,2011056,"13,16,19,20,23,25",10
2011/5/15,周日,445,2011055,"08,13,16,17,29,32",16
2011/5/12,周四,444,2011054,"08,11,16,17,22,33",8
2011/5/10,周二,443,2011053,"03,06,10,12,22,30",15
2011/5/8,周日,442,2011052,"04,05,08,19,27,28",8
2011/5/5,周四,441,2011051,"01,07,11,14,15,16",14
2011/5/3,周二,440,2011050,"04,05,19,22,28,29",15
2011/5/1,周日,439,2011049,"01,11,17,18,27,31",14
2011/4/28,周四,438,2011048,"10,14,18,25,26,27",15
2011/4/26,周二,437,2011047,"04,13,23,25,27,33",14
2011/4/24,周日,436,2011046,"09,17,18,26,29,30",8
2011/4/21,周四,435,2011045,"02,16,17,20,26,32",8
2011/4/19,周二,434,2011044,"03,14,16,26,27,31",9
2011/4/17,周日,433,2011043,"04,13,14,17,25,31",4
2011/4/14,周四,432,2011042,"05,13,15,17,19,21",15
2011/4/12,周二,431,2011041,"04,10,12,13,30,32",13
2011/4/10,周日,430,2011040,"05,11,14,24,26,28",13
2011/4/7,周四,429,2011039,"03,07,10,16,24,29",13
2011/4/5,周二,428,2011038,"02,14,15,19,23,24",12
2011/4/3,周日,427,2011037,"01,03,04,06,17,25",11
2011/3/31,周四,426,2011036,"02,11,20,22,24,31",5
2011/3/29,周二,425,2011035,"13,14,18,20,27,31",2
2011/3/27,周日,424,2011034,"13,14,17,19,24,31",8
2011/3/24,周四,423,2011033,"02,08,12,13,19,29",4
2011/3/22,周二,422,2011032,"03,05,07,13,14,15",15
2011/3/20,周日,421,2011031,"16,17,24,28,29,32",12
2011/3/17,周四,420,2011030,"02,09,19,24,25,33",10
2011/3/15,周二,419,2011029,"01,04,09,10,20,31",7
2011/3/13,周日,418,2011028,"01,04,05,14,16,17",1
2011/3/10,周四,417,2011027,"13,18,21,22,25,26",1
2011/3/8,周二,416,2011026,"07,08,17,19,21,26",12
2011/3/6,周日,415,2011025,"08,25,26,31,32,33",9
2011/3/3,周四,414,2011024,"05,07,10,19,26,31",14
2011/3/1,周二,413,2011023,"02,03,06,21,22,25",5
2011/2/27,周日,412,2011022,"02,07,14,16,17,21",5
2011/2/24,周四,411,2011021,"01,02,14,18,25,31",8
2011/2/22,周二,410,2011020,"12,16,17,19,24,30",5
2011/2/20,周日,409,2011019,"02,04,12,19,32,33",16
2011/2/17,周四,408,2011018,"13,15,18,28,30,33",1
2011/2/15,周二,407,2011017,"02,06,15,23,26,33",8
2011/2/13,周日,406,2011016,"03,04,16,17,22,29",13
2011/2/10,周四,405,2011015,"03,06,13,26,27,29",7
2011/2/1,周二,404,2011014,"05,07,10,11,23,26",16
2011/1/30,周日,403,2011013,"01,03,13,16,21,22",8
2011/1/27,周四,402,2011012,"07,08,11,13,15,26",13
2011/1/25,周二,401,2011011,"01,12,18,19,21,24",10
2011/1/23,周日,400,2011010,"01,04,05,09,15,19",13
2011/1/20,周四,399,2011009,"17,18,23,24,25,26",4
2011/1/18,周二,398,2011008,"10,12,13,17,24,31",15
2011/1/16,周日,397,2011007,"01,09,17,24,26,31",5
2011/1/13,周四,396,2011006,"01,03,05,13,16,18",5
2011/1/11,周二,395,2011005,"06,09,12,14,20,22",13
2011/1/9,周日,394,2011004,"04,06,08,10,13,26",5
2011/1/6,周四,393,2011003,"13,14,21,22,23,27",4
2011/1/4,周二,392,2011002,"06,08,12,17,28,33",5
2011/1/2,周日,391,2011001,"03,09,20,24,26,32",10
2010/12/30,周四,390,2010153,"03,06,12,19,30,31",13
2010/12/28,周二,389,2010152,"04,09,17,21,25,31",1
2010/12/26,周日,388,2010151,"02,13,14,17,19,26",14
2010/12/23,周四,387,2010150,"02,17,18,23,29,30",6
2010/12/21,周二,386,2010149,"02,07,08,16,25,30",9
2010/12/19,周日,385,2010148,"01,03,07,18,23,27",12
2010/12/16,周四,384,2010147,"02,08,15,18,24,30",3
2010/12/14,周二,383,2010146,"01,17,18,22,25,32",1
2010/12/12,周日,382,2010145,"03,21,24,27,28,31",8
2010/12/9,周四,381,2010144,"02,03,08,15,19,21",11
2010/12/7,周二,380,2010143,"09,16,18,26,30,31",14
2010/12/5,周日,379,2010142,"02,16,18,23,26,27",10
2010/12/2,周四,378,2010141,"02,03,07,18,23,27",6
2010/11/30,周二,377,2010140,"01,12,13,18,26,29",15
2010/11/28,周日,376,2010139,"11,13,18,20,26,31",9
2010/11/25,周四,375,2010138,"01,21,23,24,26,30",5
2010/11/23,周二,374,2010137,"07,09,10,13,19,33",6
2010/11/21,周日,373,2010136,"04,10,23,24,26,33",10
2010/11/18,周四,372,2010135,"04,10,13,25,26,30",10
2010/11/16,周二,371,2010134,"09,15,16,22,27,28",6
2010/11/14,周日,370,2010133,"03,09,17,21,26,32",1
2010/11/11,周四,369,2010132,"02,10,12,18,24,33",15
2010/11/9,周二,368,2010131,"05,06,15,16,19,26",6
2010/11/7,周日,367,2010130,"01,02,07,15,21,31",16
2010/11/4,周四,366,2010129,"04,08,14,25,28,32",16
2010/11/2,周二,365,2010128,"04,11,19,20,24,28",12
2010/10/31,周日,364,2010127,"01,04,08,17,25,33",1
2010/10/28,周四,363,2010126,"03,13,18,20,27,28",5
2010/10/26,周二,362,2010125,"06,07,13,23,28,29",9
2010/10/24,周日,361,2010124,"02,06,08,11,12,25",2
2010/10/21,周四,360,2010123,"06,12,15,18,29,32",10
2010/10/19,周二,359,2010122,"02,09,12,16,25,27",6
2010/10/17,周日,358,2010121,"08,11,13,18,25,30",15
2010/10/14,周四,357,2010120,"01,02,05,06,10,29",16
2010/10/12,周二,356,2010119,"07,17,25,27,30,31",9
2010/10/10,周日,355,2010118,"05,08,11,13,15,25",5
2010/10/7,周四,354,2010117,"01,08,20,22,24,28",1
2010/10/5,周二,353,2010116,"05,09,10,20,22,26",7
2010/10/3,周日,352,2010115,"01,22,24,25,29,33",15
2010/9/30,周四,351,2010114,"01,08,11,15,17,25",1
2010/9/28,周二,350,2010113,"05,10,15,18,20,28",10
2010/9/26,周日,349,2010112,"01,08,18,24,29,30",16
2010/9/23,周四,348,2010111,"04,07,08,13,17,18",10
2010/9/21,周二,347,2010110,"01,03,12,24,26,27",1
2010/9/19,周日,346,2010109,"04,15,18,25,29,32",15
2010/9/16,周四,345,2010108,"02,04,08,20,23,24",7
2010/9/14,周二,344,2010107,"08,12,15,17,22,33",16
2010/9/12,周日,343,2010106,"02,06,08,15,26,29",16
2010/9/9,周四,342,2010105,"01,08,09,19,21,31",11
2010/9/7,周二,341,2010104,"07,17,23,24,27,32",2
2010/9/5,周日,340,2010103,"06,09,14,17,20,33",9
2010/9/2,周四,339,2010102,"04,11,16,20,22,29",10
2010/8/31,周二,338,2010101,"04,09,18,21,25,26",6
2010/8/29,周日,337,2010100,"01,06,12,22,23,26",8
2010/8/26,周四,336,2010099,"03,04,17,24,27,30",6
2010/8/24,周二,335,2010098,"01,03,08,16,29,33",7
2010/8/22,周日,334,2010097,"10,16,18,21,24,26",1
2010/8/19,周四,333,2010096,"07,12,21,23,24,28",3
2010/8/17,周二,332,2010095,"09,11,16,17,25,27",14
2010/8/15,周日,331,2010094,"03,05,07,27,31,32",10
2010/8/12,周四,330,2010093,"09,10,19,28,32,33",6
2010/8/10,周二,329,2010092,"03,13,19,27,28,30",2
2010/8/8,周日,328,2010091,"06,13,16,20,22,24",16
2010/8/5,周四,327,2010090,"01,06,10,15,25,31",14
2010/8/3,周二,326,2010089,"07,08,09,16,23,26",1
2010/8/1,周日,325,2010088,"05,06,15,23,27,30",12
2010/7/29,周四,324,2010087,"01,08,16,17,25,30",10
2010/7/27,周二,323,2010086,"05,21,28,29,30,31",8
2010/7/25,周日,322,2010085,"01,08,12,13,24,27",8
2010/7/22,周四,321,2010084,"02,10,14,18,20,30",3
2010/7/20,周二,320,2010083,"02,20,21,22,23,31",12
2010/7/18,周日,319,2010082,"01,08,13,14,27,31",2
2010/7/15,周四,318,2010081,"02,03,09,24,26,27",5
2010/7/13,周二,317,2010080,"08,10,13,14,16,23",16
2010/7/11,周日,316,2010079,"08,11,12,14,18,22",2
2010/7/8,周四,315,2010078,"01,03,09,11,17,23",12
2010/7/6,周二,314,2010077,"02,08,14,20,21,24",9
2010/7/4,周日,313,2010076,"01,12,14,29,31,32",15
2010/7/1,周四,312,2010075,"05,09,12,13,15,22",14
2010/6/29,周二,311,2010074,"02,10,17,18,19,29",15
2010/6/27,周日,310,2010073,"01,16,20,23,27,31",2
2010/6/24,周四,309,2010072,"06,08,22,23,30,31",1
2010/6/22,周二,308,2010071,"05,13,14,17,20,26",1
2010/6/20,周日,307,2010070,"08,13,23,27,31,33",7
2010/6/17,周四,306,2010069,"12,14,20,22,24,32",11
2010/6/15,周二,305,2010068,"03,13,18,20,23,28",13
2010/6/13,周日,304,2010067,"01,07,10,14,21,25",1
2010/6/10,周四,303,2010066,"01,03,21,22,31,32",7
2010/6/8,周二,302,2010065,"02,07,08,17,30,32",12
2010/6/6,周日,301,2010064,"08,14,25,26,30,31",11
2010/6/3,周四,300,2010063,"02,06,10,17,23,24",3
2010/6/1,周二,299,2010062,"11,13,15,20,31,33",3
2010/5/30,周日,298,2010061,"02,04,16,19,22,26",12
2010/5/27,周四,297,2010060,"01,08,15,18,22,27",9
2010/5/25,周二,296,2010059,"01,09,11,12,18,30",10
2010/5/23,周日,295,2010058,"01,04,11,17,19,29",12
2010/5/20,周四,294,2010057,"05,11,12,19,25,32",5
2010/5/18,周二,293,2010056,"01,02,03,08,13,32",7
2010/5/16,周日,292,2010055,"02,03,13,19,20,23",8
2010/5/13,周四,291,2010054,"01,06,08,12,14,25",6
2010/5/11,周二,290,2010053,"03,22,24,27,28,30",14
2010/5/9,周日,289,2010052,"01,02,19,23,27,29",10
2010/5/6,周四,288,2010051,"04,17,23,27,28,32",3
2010/5/4,周二,287,2010050,"07,21,22,26,28,30",11
2010/5/2,周日,286,2010049,"01,06,10,26,27,28",2
2010/4/29,周四,285,2010048,"01,06,08,10,23,33",2
2010/4/27,周二,284,2010047,"03,10,13,20,21,32",15
2010/4/25,周日,283,2010046,"11,12,21,23,27,32",5
2010/4/22,周四,282,2010045,"02,03,04,13,20,29",1
2010/4/20,周二,281,2010044,"03,09,21,23,27,31",5
2010/4/18,周日,280,2010043,"04,10,19,22,28,33",4
2010/4/15,周四,279,2010042,"03,06,11,20,31,32",10
2010/4/13,周二,278,2010041,"03,05,13,19,25,29",12
2010/4/11,周日,277,2010040,"12,19,24,25,30,32",11
2010/4/8,周四,276,2010039,"08,17,21,23,25,32",12
2010/4/6,周二,275,2010038,"01,06,07,11,13,16",1
2010/4/4,周日,274,2010037,"03,16,19,21,24,26",6
2010/4/1,周四,273,2010036,"06,13,14,28,29,30",8
2010/3/30,周二,272,2010035,"09,10,11,18,19,21",10
2010/3/28,周日,271,2010034,"06,11,13,22,25,32",12
2010/3/25,周四,270,2010033,"08,10,11,12,25,29",9
2010/3/23,周二,269,2010032,"08,18,21,28,29,33",8
2010/3/21,周日,268,2010031,"05,07,13,24,25,28",4
2010/3/18,周四,267,2010030,"03,06,10,16,25,31",5
2010/3/16,周二,266,2010029,"01,05,14,16,17,22",3
2010/3/14,周日,265,2010028,"01,03,06,12,16,32",12
2010/3/11,周四,264,2010027,"03,04,15,25,26,30",13
2010/3/9,周二,263,2010026,"02,04,05,08,19,22",12
2010/3/7,周日,262,2010025,"04,05,07,10,13,25",11
2010/3/4,周四,261,2010024,"07,16,26,27,29,31",14
2010/3/2,周二,260,2010023,"02,09,11,22,24,27",11
2010/2/28,周日,259,2010022,"01,02,18,29,31,32",2
2010/2/25,周四,258,2010021,"02,09,16,17,19,25",4
2010/2/23,周二,257,2010020,"05,06,14,22,24,26",9
2010/2/21,周日,256,2010019,"02,10,22,24,26,27",6
2010/2/11,周四,255,2010018,"11,28,29,30,32,33",2
2010/2/9,周二,254,2010017,"01,03,06,11,12,23",11
2010/2/7,周日,253,2010016,"02,08,10,12,30,33",16
2010/2/4,周四,252,2010015,"01,04,16,21,23,28",6
2010/2/2,周二,251,2010014,"01,03,07,14,26,28",2
2010/1/31,周日,250,2010013,"01,02,03,16,18,23",12
2010/1/28,周四,249,2010012,"02,08,13,14,25,33",10
2010/1/26,周二,248,2010011,"07,08,14,22,24,30",7
2010/1/24,周日,247,2010010,"07,08,12,15,22,26",8
2010/1/21,周四,246,2010009,"01,09,13,21,24,32",6
2010/1/19,周二,245,2010008,"05,07,13,15,18,30",14
2010/1/17,周日,244,2010007,"14,22,27,28,30,33",14
2010/1/14,周四,243,2010006,"03,05,07,13,14,18",5
2010/1/12,周二,242,2010005,"03,05,06,08,17,18",14
2010/1/10,周日,241,2010004,"01,12,13,16,23,28",7
2010/1/7,周四,240,2010003,"14,22,26,27,28,31",4
